,Endo_id,receptor,cell,phenotype,activity
0,ENQ00001,ENR00941,ENC00009,ENP00034,normal receptor activity
1,ENQ00002,ENR00985,ENC00005,ENP00060,normal receptor activity
2,ENQ00003,ENR00741,ENC00020,ENP00019,normal receptor activity
3,ENQ00004,ENR00741,ENC00020,ENP00011,normal receptor activity
4,ENQ00005,ENR00741,ENC00020,ENP00018,normal receptor activity
5,ENQ00006,ENR00941,ENC00027,ENP00035,normal receptor activity
6,ENQ00007,ENR00957,ENC00102,ENP00077,normal receptor activity
7,ENQ00008,ENR00788,ENC00044,ENP00021,normal receptor activity
8,ENQ00009,ENR00664,ENC00093,ENP00022,normal receptor activity
9,ENQ00010,ENR00669,ENC00150,ENP00012,normal receptor activity
10,ENQ00011,ENR00941,ENC00078,ENP00036,normal receptor activity
11,ENQ00012,ENR00669,ENC00231,ENP00013,normal receptor activity
12,ENQ00013,ENR00865,ENC00002,ENP00005,normal receptor activity
13,ENQ00014,ENR00669,ENC00150,ENP00014,normal receptor activity
14,ENQ00015,ENR00865,ENC00002,ENP00037,normal receptor activity
15,ENQ00016,ENR00669,ENC00231,ENP00015,normal receptor activity
16,ENQ00017,ENR00669,ENC00231,ENP00016,normal receptor activity
17,ENQ00018,ENR00669,ENC00231,ENP00017,normal receptor activity
18,ENQ00019,ENR00780,ENC00102,ENP00061,normal receptor activity
19,ENQ00020,ENR00865,ENC00002,ENP00038,normal receptor activity
20,ENQ00021,ENR00664,ENC00093,ENP00057,no receptor activity
21,ENQ00022,ENR00865,ENC00002,ENP00039,normal receptor activity
22,ENQ00023,ENR00936,ENC00189,ENP00002,normal receptor activity
23,ENQ00024,ENR00756,ENC00150,ENP00040,normal receptor activity
24,ENQ00025,ENR00756,ENC00152,ENP00041,normal receptor activity
25,ENQ00026,ENR00789,ENC00044,ENP00004,normal receptor activity
26,ENQ00027,ENR00756,ENC00152,ENP00042,normal receptor activity
27,ENQ00028,ENR00923,ENC00132,ENP00025,normal receptor activity
28,ENQ00029,ENR00923,ENC00035,ENP00026,normal receptor activity
29,ENQ00030,ENR00923,ENC00027,ENP00027,normal receptor activity
30,ENQ00031,ENR00816,ENC00550,ENP00062,normal receptor activity
31,ENQ00032,ENR00922,ENC00550,ENP00062,normal receptor activity
32,ENQ00033,ENR00085,ENC00097,ENP00004,normal receptor activity
33,ENQ00034,ENR00085,ENC00097,ENP00031,normal receptor activity
34,ENQ00035,ENR00085,ENC00097,ENP00032,normal receptor activity
35,ENQ00036,ENR00816,ENC00550,ENP00011,normal receptor activity
36,ENQ00037,ENR00756,ENC00152,ENP00043,normal receptor activity
37,ENQ00038,ENR00922,ENC00550,ENP00011,normal receptor activity
38,ENQ00039,ENR00816,ENC00053,ENP00074,normal receptor activity
39,ENQ00040,ENR00228,ENC00249,ENP00046,normal receptor activity
40,ENQ00041,ENR00228,ENC00249,ENP00047,normal receptor activity
41,ENQ00042,ENR00228,ENC00249,ENP00048,normal receptor activity
42,ENQ00043,ENR00985,ENC00360,ENP00049,normal receptor activity
43,ENQ00044,ENR00985,ENC00360,ENP00018,normal receptor activity
44,ENQ00045,ENR00816,ENC00579,ENP00067,normal receptor activity
45,ENQ00046,ENR00985,ENC00360,ENP00051,normal receptor activity
46,ENQ00047,ENR00985,ENC00360,ENP00052,normal receptor activity
47,ENQ00048,ENR00985,ENC00360,ENP00053,normal receptor activity
48,ENQ00049,ENR00085,ENC00097,ENP00033,normal receptor activity
49,ENQ00050,ENR00923,ENC00027,ENP00029,normal receptor activity
50,ENQ00051,ENR00923,ENC00027,ENP00058,normal receptor activity
51,ENQ00052,ENR00985,ENC00360,ENP00055,no receptor activity
52,ENQ00053,ENR00985,ENC00405,ENP00056,normal receptor activity
53,ENQ00054,ENR00808,ENC00097,ENP00020,normal receptor activity
54,ENQ00055,ENR00923,ENC00020,ENP00058,normal receptor activity
55,ENQ00056,ENR00985,ENC00127,ENP00058,normal receptor activity
56,ENQ00057,ENR00985,ENC00127,ENP00059,normal receptor activity
57,ENQ00058,ENR00904,ENC00360,ENP00070,normal receptor activity
58,ENQ00059,ENR00957,ENC00184,ENP00078,normal receptor activity
59,ENQ00060,ENR01188,ENC00145,ENP00072,normal receptor activity
60,ENQ00061,ENR01188,ENC00145,ENP00073,normal receptor activity
61,ENQ00062,ENR01188,ENC00145,ENP00074,normal receptor activity
62,ENQ00063,ENR01188,ENC00145,ENP00075,normal receptor activity
63,ENQ00064,ENR00808,ENC00097,ENP00084,normal receptor activity
64,ENQ00065,ENR00957,ENC00405,ENP00076,normal receptor activity
65,ENQ00066,ENR00762,ENC00189,ENP00091,normal receptor activity
66,ENQ00067,ENR00808,ENC00097,ENP00087,normal receptor activity
67,ENQ00068,ENR00957,ENC00102,ENP00078,normal receptor activity
68,ENQ00069,ENR00808,ENC00302,ENP00080,normal receptor activity
69,ENQ00070,ENR00808,ENC00063,ENP00082,normal receptor activity
70,ENQ00071,ENR00763,ENC00189,ENP00091,normal receptor activity
71,ENQ00072,ENR00781,ENC00200,ENP00193,normal receptor activity
72,ENQ00073,ENR00808,ENC00302,ENP00041,normal receptor activity
73,ENQ00074,ENR00808,ENC00302,ENP00084,normal receptor activity
74,ENQ00075,ENR00808,ENC00302,ENP00088,normal receptor activity
75,ENQ00076,ENR00760,ENC00082,ENP00093,normal receptor activity
76,ENQ00077,ENR00764,ENC00212,ENP00094,normal receptor activity
77,ENQ00078,ENR00808,ENC00063,ENP00089,unknown receptor activity
78,ENQ00079,ENR00808,ENC00063,ENP00090,normal receptor activity
79,ENQ00080,ENR00837,ENC00424,ENP00099,normal receptor activity
80,ENQ00081,ENR00760,ENC00082,ENP00095,normal receptor activity
81,ENQ00082,ENR00760,ENC00283,ENP00096,normal receptor activity
82,ENQ00084,ENR00717,ENC00249,ENP00037,normal receptor activity
83,ENQ00085,ENR00679,ENC00249,ENP00037,normal receptor activity
84,ENQ00086,ENR00679,ENC00249,ENP00102,normal receptor activity
85,ENQ00087,ENR00837,ENC00424,ENP00097,normal receptor activity
86,ENQ00088,ENR00679,ENC00249,ENP00104,normal receptor activity
87,ENQ00089,ENR00717,ENC00249,ENP00104,normal receptor activity
88,ENQ00090,ENR01047,ENC00020,ENP00106,normal receptor activity
89,ENQ00091,ENR01069,ENC00231,ENP00107,normal receptor activity
90,ENQ00092,ENR00274,ENC00233,ENP00108,no receptor activity
91,ENQ00093,ENR01047,ENC00050,ENP00106,normal receptor activity
92,ENQ00094,ENR00717,ENC00249,ENP00102,normal receptor activity
93,ENQ00095,ENR01069,ENC00244,ENP00107,normal receptor activity
94,ENQ00097,ENR01069,ENC00244,ENP00112,normal receptor activity
95,ENQ00098,ENR00263,ENC00076,ENP00223,normal receptor activity
96,ENQ00099,ENR00979,ENC00005,ENP00455,normal receptor activity
97,ENQ00100,ENR00717,ENC00005,ENP00455,normal receptor activity
98,ENQ00101,ENR00274,ENC00216,ENP00114,normal receptor activity
99,ENQ00102,ENR00274,ENC00233,ENP00113,no receptor activity
100,ENQ00103,ENR00999,ENC00063,ENP00116,normal receptor activity
101,ENQ00104,ENR00263,ENC00076,ENP00225,normal receptor activity
102,ENQ00105,ENR00664,ENC00063,ENP00116,normal receptor activity
103,ENQ00106,ENR00263,ENC00076,ENP00224,normal receptor activity
104,ENQ00107,ENR00979,ENC00102,ENP00158,less than normal receptor activity
105,ENQ00108,ENR00717,ENC00005,ENP00155,normal receptor activity
106,ENQ00109,ENR00759,ENC00145,ENP00239,normal receptor activity
107,ENQ00110,ENR00979,ENC00005,ENP00155,normal receptor activity
108,ENQ00111,ENR00756,ENC00013,ENP00044,more than normal receptor activity
109,ENQ00112,ENR00979,ENC00249,ENP00155,normal receptor activity
110,ENQ00113,ENR00263,ENC00435,ENP00452,less than normal receptor activity
111,ENQ00114,ENR00758,ENC00097,ENP00330,more than normal receptor activity
112,ENQ00115,ENR00664,ENC00382,ENP00118,less than normal receptor activity
113,ENQ00116,ENR00755,ENC00055,ENP00240,less than normal receptor activity
114,ENQ00117,ENR00755,ENC00055,ENP00241,more than normal receptor activity
115,ENQ00119,ENR00263,ENC00063,ENP00180,normal receptor activity
116,ENQ00120,ENR00263,ENC00063,ENP00181,normal receptor activity
117,ENQ00121,ENR00263,ENC00435,ENP00182,normal receptor activity
118,ENQ00122,ENR00263,ENC00365,ENP00180,normal receptor activity
119,ENQ00123,ENR00263,ENC00112,ENP00180,normal receptor activity
120,ENQ00124,ENR00756,ENC00097,ENP00330,more than normal receptor activity
121,ENQ00125,ENR00757,ENC00228,ENP00242,normal receptor activity
122,ENQ00126,ENR00755,ENC00233,ENP00228,normal receptor activity
123,ENQ00127,ENR00755,ENC00287,ENP00228,normal receptor activity
124,ENQ00128,ENR00755,ENC00055,ENP00228,normal receptor activity
125,ENQ00130,ENR01320,ENC00292,ENP00247,normal receptor activity
126,ENQ00132,ENR00755,ENC00055,ENP00249,normal receptor activity
127,ENQ00133,ENR00755,ENC00276,ENP00228,normal receptor activity
128,ENQ00134,ENR00755,ENC00231,ENP00012,normal receptor activity
129,ENQ00135,ENR00755,ENC00231,ENP00252,normal receptor activity
130,ENQ00136,ENR00756,ENC00152,ENP00317,normal receptor activity
131,ENQ00137,ENR00757,ENC00287,ENP00282,normal receptor activity
132,ENQ00139,ENR00758,ENC00276,ENP00286,normal receptor activity
133,ENQ00140,ENR00756,ENC00020,ENP00285,normal receptor activity
134,ENQ00141,ENR00759,ENC00287,ENP00282,normal receptor activity
135,ENQ00143,ENR00756,ENC00472,ENP00262,normal receptor activity
136,ENQ00144,ENR00756,ENC00472,ENP00302,normal receptor activity
137,ENQ00145,ENR00756,ENC00419,ENP00303,normal receptor activity
138,ENQ00146,ENR00758,ENC00419,ENP00303,normal receptor activity
139,ENQ00147,ENR00756,ENC00419,ENP00306,normal receptor activity
140,ENQ00148,ENR00756,ENC00419,ENP00305,normal receptor activity
141,ENQ00149,ENR00758,ENC00419,ENP00307,normal receptor activity
142,ENQ00150,ENR00758,ENC00419,ENP00307,more than normal receptor activity
143,ENQ00151,ENR00756,ENC00419,ENP00307,more than normal receptor activity
144,ENQ00152,ENR00756,ENC00027,ENP00310,no receptor activity
145,ENQ00153,ENR00756,ENC00088,ENP00009,normal receptor activity
146,ENQ00154,ENR00756,ENC00150,ENP00312,normal receptor activity
147,ENQ00155,ENR00756,ENC00150,ENP00262,normal receptor activity
148,ENQ00156,ENR00756,ENC00412,ENP00314,normal receptor activity
149,ENQ00157,ENR00758,ENC00365,ENP00332,more than normal receptor activity
150,ENQ00158,ENR00756,ENC00283,ENP00318,normal receptor activity
151,ENQ00159,ENR00756,ENC00365,ENP00332,more than normal receptor activity
152,ENQ00160,ENR00758,ENC00287,ENP00321,normal receptor activity
153,ENQ00161,ENR00758,ENC00287,ENP00320,normal receptor activity
154,ENQ00162,ENR00756,ENC00287,ENP00321,normal receptor activity
155,ENQ00163,ENR00756,ENC00287,ENP00322,normal receptor activity
156,ENQ00164,ENR00756,ENC00287,ENP00324,normal receptor activity
157,ENQ00166,ENR00756,ENC00287,ENP00323,normal receptor activity
158,ENQ00167,ENR01265,ENC00246,ENP00235,normal receptor activity
159,ENQ00168,ENR00756,ENC00074,ENP00333,more than normal receptor activity
160,ENQ00169,ENR00756,ENC00542,ENP00337,normal receptor activity
161,ENQ00170,ENR00756,ENC00063,ENP00473,more than normal receptor activity
162,ENQ00171,ENR00756,ENC00542,ENP00335,normal receptor activity
163,ENQ00172,ENR00756,ENC00542,ENP00336,normal receptor activity
164,ENQ00173,ENR00756,ENC00542,ENP00338,normal receptor activity
165,ENQ00174,ENR01265,ENC00360,ENP00340,more than normal receptor activity
166,ENQ00175,ENR00756,ENC00360,ENP00339,more than normal receptor activity
167,ENQ00176,ENR00758,ENC00360,ENP00339,more than normal receptor activity
168,ENQ00177,ENR01320,ENC00411,ENP00342,normal receptor activity
169,ENQ00178,ENR01324,ENC00020,ENP00376,normal receptor activity
170,ENQ00179,ENR01325,ENC00222,ENP00107,normal receptor activity
171,ENQ00180,ENR01325,ENC00152,ENP00107,normal receptor activity
172,ENQ00181,ENR01325,ENC00231,ENP00107,normal receptor activity
173,ENQ00182,ENR00808,ENC00007,ENP00389,normal receptor activity
174,ENQ00184,ENR00808,ENC00063,ENP00391,normal receptor activity
175,ENQ00185,ENR00808,ENC00063,ENP00390,normal receptor activity
176,ENQ00186,ENR01318,ENC00231,ENP00120,normal receptor activity
177,ENQ00187,ENR00965,ENC00582,ENP00142,less than normal receptor activity
178,ENQ00188,ENR00670,ENC00020,ENP00106,normal receptor activity
179,ENQ00189,ENR00941,ENC00025,ENP00143,less than normal receptor activity
180,ENQ00190,ENR00670,ENC00207,ENP00122,normal receptor activity
181,ENQ00191,ENR00670,ENC00048,ENP00122,normal receptor activity
182,ENQ00192,ENR00670,ENC00063,ENP00124,normal receptor activity
183,ENQ00193,ENR00670,ENC00474,ENP00125,normal receptor activity
184,ENQ00194,ENR00670,ENC00474,ENP00127,normal receptor activity
185,ENQ00195,ENR00670,ENC00474,ENP00122,no receptor activity
186,ENQ00196,ENR00670,ENC00063,ENP00129,no receptor activity
187,ENQ00197,ENR00263,ENC00125,ENP00188,normal receptor activity
188,ENQ00198,ENR00670,ENC00474,ENP00130,no receptor activity
189,ENQ00200,ENR00670,ENC00474,ENP00102,more than normal receptor activity
190,ENQ00201,ENR00263,ENC00210,ENP00189,normal receptor activity
191,ENQ00202,ENR00670,ENC00207,ENP00133,more than normal receptor activity
192,ENQ00203,ENR00768,ENC00189,ENP00002,normal receptor activity
193,ENQ00204,ENR00767,ENC00189,ENP00002,normal receptor activity
194,ENQ00205,ENR00766,ENC00189,ENP00002,normal receptor activity
195,ENQ00206,ENR00670,ENC00063,ENP00134,normal receptor activity
196,ENQ00207,ENR00670,ENC00063,ENP00132,more than normal receptor activity
197,ENQ00208,ENR01041,ENC00020,ENP00135,no receptor activity
198,ENQ00209,ENR00824,ENC00189,ENP00002,normal receptor activity
199,ENQ00211,ENR00765,ENC00189,ENP00002,normal receptor activity
200,ENQ00212,ENR00263,ENC00273,ENP00191,normal receptor activity
201,ENQ00213,ENR00263,ENC00365,ENP00192,normal receptor activity
202,ENQ00214,ENR01327,ENC00020,ENP00380,more than normal receptor activity
203,ENQ00215,ENR00263,ENC00152,ENP00193,normal receptor activity
204,ENQ00216,ENR00755,ENC00150,ENP00364,normal receptor activity
205,ENQ00217,ENR00263,ENC00115,ENP00196,normal receptor activity
206,ENQ00218,ENR00734,ENC00556,ENP00009,normal receptor activity
207,ENQ00219,ENR01323,ENC00130,ENP00343,normal receptor activity
208,ENQ00220,ENR00263,ENC00284,ENP00197,normal receptor activity
209,ENQ00223,ENR01323,ENC00306,ENP00343,normal receptor activity
210,ENQ00224,ENR01323,ENC00276,ENP00343,normal receptor activity
211,ENQ00225,ENR01322,ENC00020,ENP00290,normal receptor activity
212,ENQ00226,ENR00936,ENC00361,ENP00002,normal receptor activity
213,ENQ00227,ENR01319,ENC00228,ENP00228,normal receptor activity
214,ENQ00228,ENR01319,ENC00228,ENP00254,normal receptor activity
215,ENQ00229,ENR00757,ENC00228,ENP00255,normal receptor activity
216,ENQ00230,ENR00918,ENC00306,ENP00256,normal receptor activity
217,ENQ00231,ENR00757,ENC00228,ENP00257,normal receptor activity
218,ENQ00232,ENR00755,ENC00078,ENP00259,no receptor activity
219,ENQ00233,ENR00759,ENC00078,ENP00258,no receptor activity
220,ENQ00234,ENR00755,ENC00216,ENP00261,normal receptor activity
221,ENQ00235,ENR00759,ENC00216,ENP00261,normal receptor activity
222,ENQ00236,ENR00755,ENC00287,ENP00262,more than normal receptor activity
223,ENQ00237,ENR00755,ENC00276,ENP00263,less than normal receptor activity
224,ENQ00238,ENR00755,ENC00287,ENP00264,normal receptor activity
225,ENQ00239,ENR01319,ENC00287,ENP00266,normal receptor activity
226,ENQ00240,ENR01319,ENC00287,ENP00267,normal receptor activity
227,ENQ00241,ENR00755,ENC00287,ENP00265,normal receptor activity
228,ENQ00242,ENR00756,ENC00575,ENP00291,normal receptor activity
229,ENQ00243,ENR00755,ENC00287,ENP00268,normal receptor activity
230,ENQ00244,ENR00755,ENC00287,ENP00269,normal receptor activity
231,ENQ00248,ENR00759,ENC00360,ENP00274,normal receptor activity
232,ENQ00249,ENR00758,ENC00575,ENP00291,normal receptor activity
233,ENQ00250,ENR00756,ENC00093,ENP00276,normal receptor activity
234,ENQ00251,ENR00759,ENC00093,ENP00275,normal receptor activity
235,ENQ00253,ENR00758,ENC00031,ENP00349,normal receptor activity
236,ENQ00254,ENR00755,ENC00150,ENP00015,normal receptor activity
237,ENQ00255,ENR00757,ENC00150,ENP00015,normal receptor activity
238,ENQ00256,ENR00755,ENC00150,ENP00352,normal receptor activity
239,ENQ00257,ENR00757,ENC00150,ENP00352,normal receptor activity
240,ENQ00258,ENR00755,ENC00152,ENP00354,more than normal receptor activity
241,ENQ00259,ENR00756,ENC00152,ENP00193,more than normal receptor activity
242,ENQ00260,ENR00755,ENC00152,ENP00558,normal receptor activity
243,ENQ00261,ENR00756,ENC00150,ENP00038,normal receptor activity
244,ENQ00262,ENR01265,ENC00150,ENP00038,normal receptor activity
245,ENQ00265,ENR00757,ENC00150,ENP00361,normal receptor activity
246,ENQ00266,ENR00755,ENC00150,ENP00361,normal receptor activity
247,ENQ00267,ENR00755,ENC00150,ENP00312,normal receptor activity
248,ENQ00268,ENR01319,ENC00287,ENP00247,normal receptor activity
249,ENQ00269,ENR00755,ENC00287,ENP00247,normal receptor activity
250,ENQ00270,ENR01327,ENC00013,ENP00382,normal receptor activity
251,ENQ00271,ENR01327,ENC00472,ENP00384,more than normal receptor activity
252,ENQ00272,ENR01327,ENC00216,ENP00380,more than normal receptor activity
253,ENQ00273,ENR01327,ENC00020,ENP00381,more than normal receptor activity
254,ENQ00274,ENR01327,ENC00578,ENP00383,normal receptor activity
255,ENQ00275,ENR01327,ENC00287,ENP00387,normal receptor activity
256,ENQ00276,ENR01327,ENC00287,ENP00388,normal receptor activity
257,ENQ00277,ENR00808,ENC00020,ENP00390,normal receptor activity
258,ENQ00278,ENR00263,ENC00020,ENP00214,more than normal receptor activity
259,ENQ00279,ENR00941,ENC00025,ENP00141,less than normal receptor activity
260,ENQ00280,ENR00717,ENC00005,ENP00149,more than normal receptor activity
261,ENQ00281,ENR00263,ENC00074,ENP00198,normal receptor activity
262,ENQ00282,ENR00979,ENC00005,ENP00144,normal receptor activity
263,ENQ00283,ENR00717,ENC00005,ENP00144,normal receptor activity
264,ENQ00284,ENR00263,ENC00074,ENP00199,normal receptor activity
265,ENQ00285,ENR00263,ENC00542,ENP00200,normal receptor activity
266,ENQ00286,ENR01265,ENC00097,ENP00330,more than normal receptor activity
267,ENQ00287,ENR00263,ENC00020,ENP00218,more than normal receptor activity
268,ENQ00288,ENR00263,ENC00140,ENP00201,normal receptor activity
269,ENQ00289,ENR00263,ENC00097,ENP00201,normal receptor activity
270,ENQ00290,ENR01323,ENC00287,ENP00367,less than normal receptor activity
271,ENQ00291,ENR00263,ENC00361,ENP00203,normal receptor activity
272,ENQ00292,ENR00263,ENC00020,ENP00204,normal receptor activity
273,ENQ00293,ENR00717,ENC00005,ENP00151,more than normal receptor activity
274,ENQ00294,ENR00979,ENC00005,ENP00151,more than normal receptor activity
275,ENQ00295,ENR00965,ENC00582,ENP00138,less than normal receptor activity
276,ENQ00296,ENR00263,ENC00074,ENP00205,normal receptor activity
277,ENQ00298,ENR00741,ENC00020,ENP00009,normal receptor activity
278,ENQ00299,ENR00763,ENC00025,ENP00091,normal receptor activity
279,ENQ00300,ENR00762,ENC00025,ENP00091,normal receptor activity
280,ENQ00301,ENR00763,ENC00025,ENP00169,normal receptor activity
281,ENQ00302,ENR00762,ENC00025,ENP00170,normal receptor activity
282,ENQ00303,ENR00979,ENC00189,ENP00174,normal receptor activity
283,ENQ00304,ENR00704,ENC00189,ENP00174,normal receptor activity
284,ENQ00305,ENR01323,ENC00228,ENP00369,normal receptor activity
285,ENQ00306,ENR00905,ENC00189,ENP00174,normal receptor activity
286,ENQ00307,ENR00741,ENC00020,ENP00010,normal receptor activity
287,ENQ00308,ENR00780,ENC00361,ENP00091,normal receptor activity
288,ENQ00309,ENR00936,ENC00189,ENP00060,normal receptor activity
289,ENQ00310,ENR00962,ENC00189,ENP00174,normal receptor activity
290,ENQ00311,ENR00781,ENC00361,ENP00091,normal receptor activity
291,ENQ00312,ENR00824,ENC00189,ENP00091,normal receptor activity
292,ENQ00313,ENR00263,ENC00102,ENP00210,normal receptor activity
293,ENQ00314,ENR00962,ENC00189,ENP00002,normal receptor activity
294,ENQ00315,ENR00263,ENC00007,ENP00211,normal receptor activity
295,ENQ00316,ENR00263,ENC00125,ENP00211,normal receptor activity
296,ENQ00317,ENR00788,ENC00044,ENP00020,normal receptor activity
297,ENQ00318,ENR00263,ENC00020,ENP00216,normal receptor activity
298,ENQ00319,ENR00263,ENC00246,ENP00233,normal receptor activity
299,ENQ00320,ENR00263,ENC00246,ENP00234,normal receptor activity
300,ENQ00321,ENR00664,ENC00093,ENP00023,normal receptor activity
301,ENQ00322,ENR00263,ENC00361,ENP00198,normal receptor activity
302,ENQ00323,ENR00263,ENC00020,ENP00220,more than normal receptor activity
303,ENQ00324,ENR00263,ENC00020,ENP00219,more than normal receptor activity
304,ENQ00325,ENR00263,ENC00020,ENP00215,normal receptor activity
305,ENQ00326,ENR00263,ENC00246,ENP00235,normal receptor activity
306,ENQ00327,ENR00263,ENC00249,ENP00209,normal receptor activity
307,ENQ00328,ENR00263,ENC00020,ENP00208,normal receptor activity
308,ENQ00329,ENR00263,ENC00578,ENP00207,normal receptor activity
309,ENQ00330,ENR00263,ENC00578,ENP00206,normal receptor activity
310,ENQ00331,ENR00758,ENC00284,ENP00294,normal receptor activity
311,ENQ00332,ENR00263,ENC00076,ENP00222,normal receptor activity
312,ENQ00333,ENR00263,ENC00020,ENP00213,more than normal receptor activity
313,ENQ00334,ENR00263,ENC00067,ENP00236,normal receptor activity
314,ENQ00335,ENR00755,ENC00231,ENP00556,normal receptor activity
315,ENQ00336,ENR01319,ENC00276,ENP00228,normal receptor activity
316,ENQ00337,ENR01320,ENC00020,ENP00230,normal receptor activity
317,ENQ00338,ENR01320,ENC00020,ENP00229,normal receptor activity
318,ENQ00340,ENR00263,ENC00119,ENP00238,normal receptor activity
319,ENQ00341,ENR00756,ENC00020,ENP00278,more than normal receptor activity
320,ENQ00342,ENR00756,ENC00423,ENP00296,normal receptor activity
321,ENQ00343,ENR00756,ENC00423,ENP00297,normal receptor activity
322,ENQ00344,ENR00755,ENC00231,ENP00016,normal receptor activity
323,ENQ00345,ENR00756,ENC00020,ENP00074,more than normal receptor activity
324,ENQ00346,ENR00755,ENC00412,ENP00277,normal receptor activity
325,ENQ00347,ENR00756,ENC00360,ENP00197,normal receptor activity
326,ENQ00348,ENR00756,ENC00050,ENP00290,normal receptor activity
327,ENQ00349,ENR00756,ENC00020,ENP00291,normal receptor activity
328,ENQ00350,ENR00756,ENC00423,ENP00298,normal receptor activity
329,ENQ00351,ENR00756,ENC00020,ENP00292,normal receptor activity
330,ENQ00352,ENR00756,ENC00284,ENP00229,normal receptor activity
331,ENQ00353,ENR00756,ENC00423,ENP00299,normal receptor activity
332,ENQ00354,ENR01265,ENC00423,ENP00300,more than normal receptor activity
333,ENQ00355,ENR00756,ENC00423,ENP00295,normal receptor activity
334,ENQ00356,ENR01323,ENC00287,ENP00368,normal receptor activity
335,ENQ00357,ENR01323,ENC00216,ENP00369,normal receptor activity
336,ENQ00358,ENR01323,ENC00276,ENP00371,normal receptor activity
337,ENQ00359,ENR01323,ENC00287,ENP00373,normal receptor activity
338,ENQ00360,ENR01323,ENC00216,ENP00044,normal receptor activity
339,ENQ00361,ENR01325,ENC00216,ENP00044,normal receptor activity
340,ENQ00362,ENR01327,ENC00423,ENP00380,more than normal receptor activity
341,ENQ00363,ENR01027,ENC00011,ENP00394,normal receptor activity
342,ENQ00364,ENR01025,ENC00011,ENP00395,normal receptor activity
343,ENQ00365,ENR01025,ENC00007,ENP00398,normal receptor activity
344,ENQ00366,ENR01025,ENC00011,ENP00396,normal receptor activity
345,ENQ00367,ENR01025,ENC00007,ENP00397,normal receptor activity
346,ENQ00368,ENR01025,ENC00007,ENP00399,normal receptor activity
347,ENQ00369,ENR01328,ENC00027,ENP00424,normal receptor activity
348,ENQ00370,ENR01026,ENC00007,ENP00400,no receptor activity
349,ENQ00371,ENR00808,ENC00168,ENP00401,normal receptor activity
350,ENQ00372,ENR00664,ENC00382,ENP00117,less than normal receptor activity
351,ENQ00373,ENR00664,ENC00382,ENP00119,less than normal receptor activity
352,ENQ00374,ENR00664,ENC00093,ENP00024,no receptor activity
353,ENQ00375,ENR00717,ENC00018,ENP00044,more than normal receptor activity
354,ENQ00376,ENR01265,ENC00013,ENP00044,more than normal receptor activity
355,ENQ00377,ENR00985,ENC00360,ENP00054,more than normal receptor activity
356,ENQ00378,ENR01188,ENC00145,ENP00071,no receptor activity
357,ENQ00379,ENR00670,ENC00063,ENP00126,more than normal receptor activity
358,ENQ00380,ENR00717,ENC00005,ENP00136,more than normal receptor activity
359,ENQ00384,ENR00941,ENC00025,ENP00139,less than normal receptor activity
360,ENQ00385,ENR00965,ENC00582,ENP00140,less than normal receptor activity
361,ENQ00386,ENR00979,ENC00005,ENP00148,more than normal receptor activity
362,ENQ00387,ENR00873,ENC00053,ENP00186,no receptor activity
363,ENQ00388,ENR00263,ENC00020,ENP00217,more than normal receptor activity
364,ENQ00389,ENR01320,ENC00276,ENP00231,more than normal receptor activity
365,ENQ00390,ENR00758,ENC00097,ENP00330,more than normal receptor activity
366,ENQ00391,ENR01265,ENC00097,ENP00330,more than normal receptor activity
367,ENQ00392,ENR01296,ENC00210,ENP00288,no receptor activity
368,ENQ00393,ENR00263,ENC00115,ENP00402,normal receptor activity
369,ENQ00394,ENR00263,ENC00437,ENP00410,normal receptor activity
370,ENQ00395,ENR00263,ENC00437,ENP00405,normal receptor activity
371,ENQ00398,ENR00263,ENC00115,ENP00405,normal receptor activity
372,ENQ00399,ENR00263,ENC00115,ENP00407,normal receptor activity
373,ENQ00400,ENR00263,ENC00115,ENP00300,normal receptor activity
374,ENQ00401,ENR00263,ENC00115,ENP00409,normal receptor activity
375,ENQ00402,ENR00263,ENC00115,ENP00410,normal receptor activity
376,ENQ00403,ENR00263,ENC00115,ENP00411,normal receptor activity
377,ENQ00404,ENR01328,ENC00287,ENP00412,normal receptor activity
378,ENQ00405,ENR00263,ENC00276,ENP00426,normal receptor activity
379,ENQ00406,ENR01328,ENC00397,ENP00413,less than normal receptor activity
380,ENQ00407,ENR01328,ENC00287,ENP00022,normal receptor activity
381,ENQ00408,ENR01328,ENC00053,ENP00415,normal receptor activity
382,ENQ00409,ENR01328,ENC00053,ENP00397,normal receptor activity
383,ENQ00411,ENR01328,ENC00053,ENP00418,normal receptor activity
384,ENQ00412,ENR00744,ENC00144,ENP00254,normal receptor activity
385,ENQ00413,ENR00663,ENC00578,ENP00420,normal receptor activity
386,ENQ00414,ENR00704,ENC00578,ENP00420,normal receptor activity
387,ENQ00415,ENR00905,ENC00578,ENP00420,normal receptor activity
388,ENQ00416,ENR01328,ENC00027,ENP00216,normal receptor activity
389,ENQ00417,ENR00263,ENC00276,ENP00427,normal receptor activity
390,ENQ00418,ENR00263,ENC00276,ENP00428,normal receptor activity
391,ENQ00419,ENR00263,ENC00276,ENP00429,normal receptor activity
392,ENQ00420,ENR00263,ENC00276,ENP00430,normal receptor activity
393,ENQ00421,ENR00263,ENC00276,ENP00431,normal receptor activity
394,ENQ00422,ENR00263,ENC00276,ENP00019,normal receptor activity
395,ENQ00423,ENR00263,ENC00287,ENP00019,normal receptor activity
396,ENQ00424,ENR00263,ENC00216,ENP00114,normal receptor activity
397,ENQ00426,ENR00263,ENC00273,ENP00436,normal receptor activity
398,ENQ00427,ENR00263,ENC00578,ENP00437,normal receptor activity
399,ENQ00428,ENR00263,ENC00097,ENP00438,more than normal receptor activity
400,ENQ00429,ENR00263,ENC00022,ENP00439,more than normal receptor activity
401,ENQ00430,ENR00263,ENC00140,ENP00440,more than normal receptor activity
402,ENQ00431,ENR00579,ENC00174,ENP00529,more than normal receptor activity
403,ENQ00432,ENR00263,ENC00584,ENP00442,less than normal receptor activity
404,ENQ00433,ENR00263,ENC00184,ENP00443,more than normal receptor activity
405,ENQ00434,ENR00263,ENC00022,ENP00444,more than normal receptor activity
406,ENQ00435,ENR00263,ENC00276,ENP00445,more than normal receptor activity
407,ENQ00436,ENR00263,ENC00246,ENP00446,more than normal receptor activity
408,ENQ00437,ENR00263,ENC00027,ENP00367,more than normal receptor activity
409,ENQ00438,ENR00263,ENC00027,ENP00448,more than normal receptor activity
410,ENQ00439,ENR00662,ENC00063,ENP00480,less than normal receptor activity
411,ENQ00440,ENR00662,ENC00063,ENP00481,more than normal receptor activity
412,ENQ00441,ENR00970,ENC00145,ENP00490,more than normal receptor activity
413,ENQ00442,ENR00263,ENC00055,ENP00449,more than normal receptor activity
414,ENQ00443,ENR00263,ENC00055,ENP00451,more than normal receptor activity
415,ENQ00444,ENR00263,ENC00055,ENP00450,more than normal receptor activity
416,ENQ00445,ENR00263,ENC00125,ENP00452,less than normal receptor activity
417,ENQ00446,ENR00761,ENC00007,ENP00476,more than normal receptor activity
418,ENQ00447,ENR00761,ENC00007,ENP00453,no receptor activity
419,ENQ00448,ENR00935,ENC00174,ENP00454,less than normal receptor activity
420,ENQ00449,ENR00579,ENC00174,ENP00455,normal receptor activity
421,ENQ00452,ENR00579,ENC00174,ENP00457,normal receptor activity
422,ENQ00453,ENR00579,ENC00174,ENP00459,normal receptor activity
423,ENQ00454,ENR00935,ENC00174,ENP00460,no receptor activity
424,ENQ00455,ENR00662,ENC00216,ENP00044,more than normal receptor activity
425,ENQ00456,ENR01187,ENC00140,ENP00461,less than normal receptor activity
426,ENQ00457,ENR00662,ENC00244,ENP00180,normal receptor activity
427,ENQ00458,ENR00761,ENC00007,ENP00482,more than normal receptor activity
428,ENQ00459,ENR00691,ENC00216,ENP00475,more than normal receptor activity
429,ENQ00460,ENR00873,ENC00122,ENP00462,no receptor activity
430,ENQ00461,ENR00662,ENC00216,ENP00475,more than normal receptor activity
431,ENQ00462,ENR00659,ENC00145,ENP00463,no receptor activity
432,ENQ00463,ENR00662,ENC00216,ENP00464,less than normal receptor activity
433,ENQ00464,ENR00691,ENC00216,ENP00034,more than normal receptor activity
434,ENQ00465,ENR00662,ENC00423,ENP00464,less than normal receptor activity
435,ENQ00466,ENR00662,ENC00216,ENP00473,more than normal receptor activity
436,ENQ00467,ENR00089,ENC00009,ENP00483,more than normal receptor activity
437,ENQ00468,ENR00662,ENC00216,ENP00471,more than normal receptor activity
438,ENQ00469,ENR00934,ENC00145,ENP00491,more than normal receptor activity
439,ENQ00471,ENR00691,ENC00216,ENP00470,more than normal receptor activity
440,ENQ00472,ENR00691,ENC00216,ENP00500,more than normal receptor activity
441,ENQ00473,ENR00691,ENC00216,ENP00044,more than normal receptor activity
442,ENQ00474,ENR00691,ENC00423,ENP00034,more than normal receptor activity
443,ENQ00475,ENR00935,ENC00174,ENP00484,no receptor activity
444,ENQ00476,ENR00761,ENC00007,ENP00485,more than normal receptor activity
445,ENQ00477,ENR00761,ENC00007,ENP00479,less than normal receptor activity
446,ENQ00478,ENR00935,ENC00174,ENP00486,less than normal receptor activity
447,ENQ00479,ENR00935,ENC00174,ENP00487,more than normal receptor activity
448,ENQ00480,ENR00934,ENC00145,ENP00492,more than normal receptor activity
449,ENQ00481,ENR00935,ENC00174,ENP00488,more than normal receptor activity
450,ENQ00482,ENR00999,ENC00063,ENP00496,more than normal receptor activity
451,ENQ00483,ENR00228,ENC00102,ENP00489,more than normal receptor activity
452,ENQ00484,ENR00934,ENC00145,ENP00493,less than normal receptor activity
453,ENQ00485,ENR00664,ENC00063,ENP00497,less than normal receptor activity
454,ENQ00486,ENR00970,ENC00145,ENP00494,less than normal receptor activity
455,ENQ00487,ENR01188,ENC00407,ENP00495,less than normal receptor activity
456,ENQ00488,ENR00999,ENC00063,ENP00498,less than normal receptor activity
457,ENQ00489,ENR00664,ENC00382,ENP00500,less than normal receptor activity
458,ENQ00490,ENR00745,ENC00063,ENP00501,less than normal receptor activity
459,ENQ00491,ENR00898,ENC00096,ENP00500,less than normal receptor activity
460,ENQ00493,ENR00935,ENC00176,ENP00503,less than normal receptor activity
461,ENQ00494,ENR00574,ENC00002,ENP00504,less than normal receptor activity
462,ENQ00495,ENR00942,ENC00003,ENP00505,less than normal receptor activity
463,ENQ00496,ENR00817,ENC00001,ENP00506,less than normal receptor activity
464,ENQ00497,ENR00873,ENC00053,ENP00507,more than normal receptor activity
465,ENQ00498,ENR00700,ENC00487,ENP00508,normal receptor activity
466,ENQ00499,ENR00663,ENC00115,ENP00509,less than normal receptor activity
467,ENQ00500,ENR00698,ENC00020,ENP00510,no receptor activity
468,ENQ00501,ENR00796,ENC00150,ENP00511,more than normal receptor activity
469,ENQ00502,ENR01294,ENC00048,ENP00548,normal receptor activity
470,ENQ00503,ENR00633,ENC00361,ENP00512,normal receptor activity
471,ENQ00504,ENR00780,ENC00040,ENP00516,normal receptor activity
472,ENQ00505,ENR00795,ENC00013,ENP00513,normal receptor activity
473,ENQ00506,ENR00795,ENC00152,ENP00088,normal receptor activity
474,ENQ00507,ENR00795,ENC00023,ENP00515,normal receptor activity
475,ENQ00508,ENR00796,ENC00132,ENP00516,normal receptor activity
476,ENQ00509,ENR00741,ENC00112,ENP00532,normal receptor activity
477,ENQ00510,ENR00361,ENC00134,ENP00517,normal receptor activity
478,ENQ00511,ENR00761,ENC00140,ENP00518,normal receptor activity
479,ENQ00512,ENR01294,ENC00122,ENP00548,normal receptor activity
480,ENQ00513,ENR00741,ENC00439,ENP00409,normal receptor activity
481,ENQ00514,ENR00761,ENC00210,ENP00520,normal receptor activity
482,ENQ00515,ENR00742,ENC00439,ENP00409,normal receptor activity
483,ENQ00516,ENR00941,ENC00210,ENP00521,normal receptor activity
484,ENQ00517,ENR00941,ENC00210,ENP00519,normal receptor activity
485,ENQ00518,ENR01013,ENC00216,ENP00550,normal receptor activity
486,ENQ00519,ENR00884,ENC00250,ENP00522,more than normal receptor activity
487,ENQ00520,ENR00742,ENC00170,ENP00535,normal receptor activity
488,ENQ00521,ENR01027,ENC00250,ENP00523,less than normal receptor activity
489,ENQ00522,ENR00741,ENC00170,ENP00535,normal receptor activity
490,ENQ00523,ENR00747,ENC00170,ENP00535,normal receptor activity
491,ENQ00524,ENR00747,ENC00020,ENP00538,normal receptor activity
492,ENQ00525,ENR01027,ENC00250,ENP00524,no receptor activity
493,ENQ00526,ENR00885,ENC00062,ENP00525,normal receptor activity
494,ENQ00527,ENR00724,ENC00037,ENP00132,normal receptor activity
495,ENQ00528,ENR00885,ENC00037,ENP00132,normal receptor activity
496,ENQ00529,ENR00781,ENC00465,ENP00528,normal receptor activity
497,ENQ00530,ENR00936,ENC00361,ENP00001,normal receptor activity
498,ENQ00531,ENR00780,ENC00132,ENP00529,normal receptor activity
499,ENQ00532,ENR00780,ENC00102,ENP00077,normal receptor activity
500,ENQ00533,ENR00747,ENC00112,ENP00540,normal receptor activity
501,ENQ00534,ENR01294,ENC00048,ENP00540,normal receptor activity
502,ENQ00535,ENR00741,ENC00249,ENP00197,normal receptor activity
503,ENQ00536,ENR00741,ENC00093,ENP00542,normal receptor activity
504,ENQ00537,ENR00741,ENC00063,ENP00540,normal receptor activity
505,ENQ00538,ENR00742,ENC00288,ENP00262,normal receptor activity
506,ENQ00539,ENR00747,ENC00130,ENP00545,normal receptor activity
507,ENQ00540,ENR00747,ENC00144,ENP00241,normal receptor activity
508,ENQ00541,ENR00747,ENC00074,ENP00197,normal receptor activity
509,ENQ00542,ENR01013,ENC00096,ENP00551,normal receptor activity
510,ENQ00543,ENR00664,ENC00216,ENP00552,normal receptor activity
511,ENQ00544,ENR00664,ENC00249,ENP00553,normal receptor activity
512,ENQ00545,ENR01211,ENC00152,ENP00554,normal receptor activity
513,ENQ00546,ENR00668,ENC00429,ENP00556,normal receptor activity
514,ENQ00547,ENR00669,ENC00429,ENP00038,normal receptor activity
515,ENQ00548,ENR00669,ENC00112,ENP00557,more than normal receptor activity
516,ENQ00549,ENR00669,ENC00048,ENP00558,normal receptor activity
517,ENQ00550,ENR00669,ENC00018,ENP00559,normal receptor activity
518,ENQ00551,ENR00668,ENC00018,ENP00084,normal receptor activity
519,ENQ00552,ENR00668,ENC00468,ENP00561,normal receptor activity
520,ENQ00553,ENR01036,ENC00130,ENP00431,normal receptor activity
521,ENQ00554,ENR01040,ENC00233,ENP00431,normal receptor activity
522,ENQ00555,ENR01237,ENC00357,ENP00009,normal receptor activity
523,ENQ00556,ENR01237,ENC00078,ENP00574,normal receptor activity
524,ENQ00557,ENR01237,ENC00312,ENP00575,normal receptor activity
525,ENQ00558,ENR01007,ENC00137,ENP00577,normal receptor activity
526,ENQ00559,ENR01295,ENC00093,ENP00562,normal receptor activity
527,ENQ00560,ENR01295,ENC00093,ENP00563,less than normal receptor activity
528,ENQ00561,ENR01238,ENC00231,ENP00564,normal receptor activity
529,ENQ00562,ENR01238,ENC00244,ENP00565,normal receptor activity
530,ENQ00563,ENR01238,ENC00128,ENP00566,normal receptor activity
531,ENQ00564,ENR01007,ENC00249,ENP00577,normal receptor activity
532,ENQ00565,ENR01238,ENC00222,ENP00567,normal receptor activity
533,ENQ00566,ENR01005,ENC00013,ENP00577,normal receptor activity
534,ENQ00567,ENR01238,ENC00563,ENP00180,normal receptor activity
535,ENQ00568,ENR01005,ENC00035,ENP00577,normal receptor activity
536,ENQ00569,ENR00897,ENC00563,ENP00567,normal receptor activity
537,ENQ00570,ENR00701,ENC00276,ENP00583,normal receptor activity
538,ENQ00571,ENR00701,ENC00144,ENP00582,normal receptor activity
539,ENQ00572,ENR00612,ENC00563,ENP00060,normal receptor activity
540,ENQ00573,ENR00613,ENC00563,ENP00571,normal receptor activity
541,ENQ00574,ENR01237,ENC00563,ENP00009,normal receptor activity
542,ENQ00575,ENR00701,ENC00293,ENP00582,normal receptor activity
543,ENQ00576,ENR00701,ENC00130,ENP00583,normal receptor activity
544,ENQ00577,ENR00701,ENC00184,ENP00583,normal receptor activity
545,ENQ00578,ENR00701,ENC00115,ENP00102,normal receptor activity
546,ENQ00580,ENR01039,ENC00233,ENP00590,normal receptor activity
547,ENQ00581,ENR01036,ENC00306,ENP00586,normal receptor activity
548,ENQ00582,ENR01038,ENC00152,ENP00193,normal receptor activity
549,ENQ00583,ENR00796,ENC00578,ENP00600,normal receptor activity
550,ENQ00584,ENR01039,ENC00306,ENP00431,normal receptor activity
551,ENQ00585,ENR01039,ENC00130,ENP00431,normal receptor activity
552,ENQ00586,ENR01039,ENC00144,ENP00431,normal receptor activity
553,ENQ00587,ENR01038,ENC00150,ENP00037,normal receptor activity
554,ENQ00588,ENR01038,ENC00128,ENP00193,normal receptor activity
555,ENQ00589,ENR01038,ENC00048,ENP00193,normal receptor activity
556,ENQ00590,ENR01038,ENC00231,ENP00598,normal receptor activity
557,ENQ00592,ENR00795,ENC00578,ENP00600,normal receptor activity
558,ENQ00593,ENR00796,ENC00048,ENP00038,normal receptor activity
559,ENQ00594,ENR00796,ENC00063,ENP00603,normal receptor activity
560,ENQ00597,ENR00759,ENC00005,ENP00606,normal receptor activity
561,ENQ00598,ENR01018,ENC00122,ENP00607,normal receptor activity
562,ENQ00599,ENR01050,ENC00424,ENP00038,normal receptor activity
563,ENQ00600,ENR01018,ENC00231,ENP00608,normal receptor activity
564,ENQ00601,ENR01018,ENC00247,ENP00550,normal receptor activity
565,ENQ00602,ENR01018,ENC00013,ENP00610,normal receptor activity
566,ENQ00603,ENR01018,ENC00005,ENP00611,normal receptor activity
567,ENQ00604,ENR01018,ENC00004,ENP00611,normal receptor activity
568,ENQ00605,ENR00118,ENC00122,ENP00613,normal receptor activity
569,ENQ00608,ENR00118,ENC00005,ENP00455,normal receptor activity
570,ENQ00609,ENR00118,ENC00048,ENP00455,normal receptor activity
571,ENQ00610,ENR00435,ENC00004,ENP00455,normal receptor activity
572,ENQ00611,ENR00693,ENC00004,ENP00455,normal receptor activity
573,ENQ00612,ENR00693,ENC00048,ENP00455,normal receptor activity
574,ENQ00613,ENR00118,ENC00005,ENP00621,normal receptor activity
575,ENQ00614,ENR00435,ENC00005,ENP00621,normal receptor activity
576,ENQ00615,ENR00693,ENC00005,ENP00621,normal receptor activity
577,ENQ00616,ENR00807,ENC00005,ENP00624,normal receptor activity
578,ENQ00617,ENR00808,ENC00005,ENP00625,normal receptor activity
579,ENQ00618,ENR00228,ENC00005,ENP00624,normal receptor activity
580,ENQ00619,ENR00979,ENC00004,ENP00625,normal receptor activity
581,ENQ00620,ENR01188,ENC00004,ENP00628,normal receptor activity
582,ENQ00621,ENR01077,ENC00004,ENP00022,normal receptor activity
583,ENQ00622,ENR01077,ENC00424,ENP00631,normal receptor activity
584,ENQ00623,ENR01077,ENC00004,ENP00628,normal receptor activity
585,ENQ00624,ENR00777,ENC00424,ENP00634,normal receptor activity
586,ENQ00625,ENR00118,ENC00424,ENP00632,more than normal receptor activity
587,ENQ00626,ENR00852,ENC00424,ENP00634,normal receptor activity
588,ENQ00627,ENR01178,ENC00424,ENP00634,normal receptor activity
589,ENQ00628,ENR00785,ENC00424,ENP00637,normal receptor activity
590,ENQ00629,ENR00786,ENC00424,ENP00637,normal receptor activity
591,ENQ00630,ENR00843,ENC00424,ENP00369,normal receptor activity
592,ENQ00631,ENR00655,ENC00424,ENP00369,normal receptor activity
593,ENQ00632,ENR00841,ENC00424,ENP00369,more than normal receptor activity
594,ENQ00633,ENR00645,ENC00424,ENP00642,normal receptor activity
595,ENQ00634,ENR00930,ENC00424,ENP00643,normal receptor activity
596,ENQ00635,ENR00979,ENC00044,ENP00398,normal receptor activity
597,ENQ00636,ENR00979,ENC00143,ENP00398,normal receptor activity
598,ENQ00637,ENR00979,ENC00063,ENP00646,normal receptor activity
599,ENQ00638,ENR00979,ENC00287,ENP00647,normal receptor activity
600,ENQ00639,ENR01205,ENC00150,ENP00540,normal receptor activity
601,ENQ00640,ENR00979,ENC00048,ENP00649,normal receptor activity
602,ENQ00641,ENR00979,ENC00122,ENP00650,normal receptor activity
603,ENQ00642,ENR00837,ENC00424,ENP00037,normal receptor activity
604,ENQ00643,ENR00263,ENC00125,ENP00037,normal receptor activity
605,ENQ00644,ENR00263,ENC00249,ENP00037,normal receptor activity
606,ENQ00646,ENR00263,ENC00102,ENP00037,normal receptor activity
607,ENQ00647,ENR00118,ENC00122,ENP00210,normal receptor activity
608,ENQ00648,ENR00118,ENC00005,ENP00652,normal receptor activity
609,ENQ00649,ENR00780,ENC00184,ENP00059,normal receptor activity
610,ENQ00651,ENR00781,ENC00184,ENP00059,normal receptor activity
611,ENQ00652,ENR00780,ENC00060,ENP00059,normal receptor activity
612,ENQ00653,ENR00781,ENC00060,ENP00059,normal receptor activity
613,ENQ00654,ENR00757,ENC00152,ENP00088,normal receptor activity
614,ENQ00655,ENR01149,ENC00152,ENP00042,normal receptor activity
615,ENQ00656,ENR00669,ENC00468,ENP00561,normal receptor activity
616,ENQ00657,ENR00758,ENC00152,ENP00654,normal receptor activity
617,ENQ00658,ENR00795,ENC00013,ENP00072,normal receptor activity
618,ENQ00660,ENR01221,ENC00549,ENP00656,less than normal receptor activity
619,ENQ00661,ENR01224,ENC00265,ENP00657,normal receptor activity
620,ENQ00662,ENR00822,ENC00540,ENP00658,no receptor activity
621,ENQ00663,ENR00068,ENC00545,ENP00011,more than normal receptor activity
622,ENQ00664,ENR00822,ENC00050,ENP00659,normal receptor activity
623,ENQ00665,ENR00761,ENC00082,ENP00660,normal receptor activity
624,ENQ00666,ENR01190,ENC00231,ENP00013,normal receptor activity
625,ENQ00667,ENR00663,ENC00048,ENP00661,normal receptor activity
626,ENQ00668,ENR00825,ENC00312,ENP00662,normal receptor activity
627,ENQ00669,ENR00825,ENC00048,ENP00663,normal receptor activity
628,ENQ00670,ENR00699,ENC00250,ENP00664,normal receptor activity
629,ENQ00671,ENR00598,ENC00210,ENP00521,normal receptor activity
630,ENQ00672,ENR00598,ENC00125,ENP00665,less than normal receptor activity
631,ENQ00673,ENR01188,ENC00325,ENP00666,normal receptor activity
632,ENQ00674,ENR01188,ENC00284,ENP00294,normal receptor activity
633,ENQ00675,ENR01188,ENC00222,ENP00667,normal receptor activity
634,ENQ00676,ENR01188,ENC00004,ENP00668,normal receptor activity
635,ENQ00677,ENR01188,ENC00063,ENP00669,normal receptor activity
636,ENQ00678,ENR01188,ENC00096,ENP00551,more than normal receptor activity
637,ENQ00679,ENR01188,ENC00102,ENP00072,normal receptor activity
638,ENQ00680,ENR01188,ENC00102,ENP00670,normal receptor activity
639,ENQ00681,ENR01188,ENC00247,ENP00671,normal receptor activity
640,ENQ00682,ENR01188,ENC00360,ENP00672,normal receptor activity
641,ENQ00683,ENR01188,ENC00360,ENP00303,normal receptor activity
642,ENQ00684,ENR01188,ENC00184,ENP00673,normal receptor activity
643,ENQ00685,ENR01221,ENC00472,ENP00674,less than normal receptor activity
644,ENQ00686,ENR01221,ENC00284,ENP00674,less than normal receptor activity
645,ENQ00687,ENR01221,ENC00549,ENP00675,normal receptor activity
646,ENQ00688,ENR01222,ENC00284,ENP00675,normal receptor activity
647,ENQ00689,ENR01222,ENC00284,ENP00676,less than normal receptor activity
648,ENQ00690,ENR00704,ENC00044,ENP00677,normal receptor activity
649,ENQ00691,ENR01070,ENC00207,ENP00013,normal receptor activity
650,ENQ00692,ENR00905,ENC00044,ENP00677,normal receptor activity
651,ENQ00693,ENR00808,ENC00044,ENP00013,more than normal receptor activity
652,ENQ00694,ENR00755,ENC00152,ENP00312,normal receptor activity
653,ENQ00695,ENR00802,ENC00266,ENP00706,normal receptor activity
654,ENQ00696,ENR00803,ENC00266,ENP00706,normal receptor activity
655,ENQ00697,ENR00808,ENC00005,ENP00200,normal receptor activity
656,ENQ00698,ENR00808,ENC00005,ENP00405,normal receptor activity
657,ENQ00699,ENR00802,ENC00268,ENP00707,normal receptor activity
658,ENQ00700,ENR00803,ENC00268,ENP00707,normal receptor activity
659,ENQ00701,ENR00801,ENC00264,ENP00707,normal receptor activity
660,ENQ00702,ENR00802,ENC00265,ENP00707,normal receptor activity
661,ENQ00703,ENR00803,ENC00265,ENP00707,normal receptor activity
662,ENQ00704,ENR00804,ENC00265,ENP00707,normal receptor activity
663,ENQ00705,ENR00799,ENC00265,ENP00707,normal receptor activity
664,ENQ00706,ENR00800,ENC00265,ENP00707,normal receptor activity
665,ENQ00707,ENR00799,ENC00267,ENP00708,normal receptor activity
666,ENQ00708,ENR00800,ENC00269,ENP00708,normal receptor activity
667,ENQ00709,ENR01190,ENC00217,ENP00705,normal receptor activity
668,ENQ00710,ENR01190,ENC00247,ENP00705,normal receptor activity
669,ENQ00711,ENR01190,ENC00287,ENP00705,normal receptor activity
670,ENQ00712,ENR00777,ENC00048,ENP00005,normal receptor activity
671,ENQ00713,ENR00805,ENC00086,ENP00709,normal receptor activity
672,ENQ00714,ENR00806,ENC00086,ENP00709,normal receptor activity
673,ENQ00715,ENR00805,ENC00078,ENP00608,normal receptor activity
674,ENQ00716,ENR00806,ENC00078,ENP00608,normal receptor activity
675,ENQ00717,ENR00663,ENC00212,ENP00710,normal receptor activity
676,ENQ00718,ENR00704,ENC00212,ENP00710,more than normal receptor activity
677,ENQ00719,ENR00905,ENC00212,ENP00710,more than normal receptor activity
678,ENQ00720,ENR00694,ENC00212,ENP00710,normal receptor activity
679,ENQ00721,ENR00906,ENC00212,ENP00710,normal receptor activity
680,ENQ00722,ENR00764,ENC00212,ENP00710,normal receptor activity
681,ENQ00723,ENR00704,ENC00213,ENP00711,normal receptor activity
682,ENQ00724,ENR00905,ENC00213,ENP00711,normal receptor activity
683,ENQ00725,ENR00085,ENC00076,ENP00712,normal receptor activity
684,ENQ00726,ENR00663,ENC00143,ENP00020,normal receptor activity
685,ENQ00727,ENR00663,ENC00044,ENP00020,normal receptor activity
686,ENQ00728,ENR00704,ENC00096,ENP00713,normal receptor activity
687,ENQ00729,ENR00663,ENC00214,ENP00714,normal receptor activity
688,ENQ00730,ENR00704,ENC00214,ENP00714,normal receptor activity
689,ENQ00731,ENR00905,ENC00214,ENP00714,normal receptor activity
690,ENQ00732,ENR00704,ENC00214,ENP00686,normal receptor activity
691,ENQ00733,ENR00905,ENC00214,ENP00686,normal receptor activity
692,ENQ00734,ENR00663,ENC00214,ENP00686,normal receptor activity
693,ENQ00735,ENR00704,ENC00096,ENP00687,normal receptor activity
694,ENQ00736,ENR00704,ENC00214,ENP00687,normal receptor activity
695,ENQ00737,ENR00905,ENC00214,ENP00687,normal receptor activity
696,ENQ00738,ENR00704,ENC00216,ENP00300,normal receptor activity
697,ENQ00739,ENR00905,ENC00074,ENP00312,normal receptor activity
698,ENQ00740,ENR00905,ENC00150,ENP00312,normal receptor activity
699,ENQ00741,ENR00704,ENC00213,ENP00318,normal receptor activity
700,ENQ00742,ENR00905,ENC00213,ENP00318,normal receptor activity
701,ENQ00743,ENR00704,ENC00211,ENP00239,normal receptor activity
702,ENQ00744,ENR00905,ENC00211,ENP00239,normal receptor activity
703,ENQ00745,ENR00663,ENC00210,ENP00189,normal receptor activity
704,ENQ00746,ENR00663,ENC00210,ENP00057,less than normal receptor activity
705,ENQ00747,ENR00663,ENC00210,ENP00715,more than normal receptor activity
706,ENQ00748,ENR00663,ENC00211,ENP00716,normal receptor activity
707,ENQ00749,ENR00663,ENC00213,ENP00717,normal receptor activity
708,ENQ00750,ENR00663,ENC00213,ENP00718,more than normal receptor activity
709,ENQ00751,ENR00663,ENC00143,ENP00719,more than normal receptor activity
710,ENQ00752,ENR00704,ENC00210,ENP00189,normal receptor activity
711,ENQ00753,ENR00905,ENC00210,ENP00189,normal receptor activity
712,ENQ00754,ENR00704,ENC00115,ENP00720,unknown receptor activity
713,ENQ00755,ENR00905,ENC00115,ENP00720,unknown receptor activity
714,ENQ00756,ENR00905,ENC00067,ENP00087,normal receptor activity
715,ENQ00757,ENR00704,ENC00067,ENP00087,normal receptor activity
716,ENQ00758,ENR00905,ENC00119,ENP00721,normal receptor activity
717,ENQ00759,ENR00905,ENC00423,ENP00300,normal receptor activity
718,ENQ00760,ENR00704,ENC00050,ENP00722,normal receptor activity
719,ENQ00761,ENR00704,ENC00074,ENP00723,normal receptor activity
720,ENQ00762,ENR00704,ENC00063,ENP00724,no receptor activity
721,ENQ00763,ENR00704,ENC00044,ENP00020,normal receptor activity
722,ENQ00764,ENR00905,ENC00044,ENP00020,normal receptor activity
723,ENQ00765,ENR00704,ENC00076,ENP00031,normal receptor activity
724,ENQ00766,ENR00905,ENC00076,ENP00031,normal receptor activity
725,ENQ00767,ENR00704,ENC00009,ENP00725,normal receptor activity
726,ENQ00768,ENR00905,ENC00325,ENP00575,normal receptor activity
727,ENQ00769,ENR00704,ENC00093,ENP00095,normal receptor activity
728,ENQ00770,ENR00905,ENC00128,ENP00726,normal receptor activity
729,ENQ00771,ENR00905,ENC00166,ENP00012,normal receptor activity
730,ENQ00772,ENR00905,ENC00096,ENP00713,normal receptor activity
731,ENQ00773,ENR00934,ENC00250,ENP00727,normal receptor activity
732,ENQ00774,ENR00756,ENC00022,ENP00444,more than normal receptor activity
733,ENQ00775,ENR01320,ENC00263,ENP00312,normal receptor activity
734,ENQ00776,ENR00757,ENC00152,ENP00300,normal receptor activity
735,ENQ00777,ENR00755,ENC00152,ENP00300,normal receptor activity
736,ENQ00778,ENR00757,ENC00074,ENP00361,normal receptor activity
737,ENQ00779,ENR00759,ENC00144,ENP00240,normal receptor activity
738,ENQ00780,ENR00755,ENC00290,ENP00240,normal receptor activity
739,ENQ00781,ENR00759,ENC00290,ENP00240,normal receptor activity
740,ENQ00782,ENR01319,ENC00290,ENP00240,normal receptor activity
741,ENQ00783,ENR01265,ENC00228,ENP00242,normal receptor activity
742,ENQ00784,ENR00755,ENC00228,ENP00242,normal receptor activity
743,ENQ00785,ENR01319,ENC00228,ENP00242,normal receptor activity
744,ENQ00786,ENR01320,ENC00228,ENP00242,normal receptor activity
745,ENQ00787,ENR00759,ENC00360,ENP00339,normal receptor activity
746,ENQ00788,ENR00759,ENC00020,ENP00340,normal receptor activity
747,ENQ00789,ENR01320,ENC00472,ENP00303,normal receptor activity
748,ENQ00790,ENR00759,ENC00152,ENP00037,normal receptor activity
749,ENQ00791,ENR00755,ENC00020,ENP00512,normal receptor activity
750,ENQ00792,ENR00759,ENC00048,ENP00558,normal receptor activity
751,ENQ00793,ENR00757,ENC00140,ENP00677,normal receptor activity
752,ENQ00794,ENR00755,ENC00578,ENP00099,normal receptor activity
753,ENQ00795,ENR00757,ENC00578,ENP00099,normal receptor activity
754,ENQ00796,ENR01334,ENC00009,ENP00394,unknown receptor activity
755,ENQ00797,ENR00574,ENC00596,ENP00186,no receptor activity
756,ENQ00798,ENR00574,ENC00002,ENP00186,no receptor activity
757,ENQ00799,ENR00574,ENC00053,ENP00186,no receptor activity
758,ENQ00800,ENR00993,ENC00191,ENP00060,unknown receptor activity
759,ENQ00801,ENR00936,ENC00361,ENP00729,no receptor activity
760,ENQ00802,ENR00936,ENC00053,ENP00729,no receptor activity
761,ENQ00803,ENR00936,ENC00189,ENP00729,unknown receptor activity
762,ENQ00804,ENR00979,ENC00005,ENP00136,more than normal receptor activity
763,ENQ00805,ENR00762,ENC00025,ENP00136,less than normal receptor activity
764,ENQ00806,ENR00763,ENC00025,ENP00136,less than normal receptor activity
765,ENQ00807,ENR00894,ENC00318,ENP00730,normal receptor activity
766,ENQ00808,ENR00667,ENC00360,ENP00106,normal receptor activity
767,ENQ00809,ENR00667,ENC00150,ENP00013,normal receptor activity
768,ENQ00810,ENR01334,ENC00579,ENP00087,normal receptor activity
769,ENQ00811,ENR00595,ENC00018,ENP00731,normal receptor activity
770,ENQ00812,ENR00776,ENC00074,ENP00733,unknown receptor activity
771,ENQ00813,ENR00776,ENC00414,ENP00734,unknown receptor activity
772,ENQ00814,ENR00079,ENC00177,ENP00493,less than normal receptor activity
773,ENQ00815,ENR00061,ENC00217,ENP00735,unknown receptor activity
774,ENQ00816,ENR00746,ENC00076,ENP00736,more than normal receptor activity
775,ENQ00817,ENR00746,ENC00144,ENP00737,unknown receptor activity
776,ENQ00818,ENR00979,ENC00112,ENP00738,unknown receptor activity
777,ENQ00819,ENR01194,ENC00276,ENP00739,unknown receptor activity
778,ENQ00820,ENR01194,ENC00276,ENP00318,unknown receptor activity
779,ENQ00821,ENR01237,ENC00312,ENP00740,unknown receptor activity
780,ENQ00822,ENR00058,ENC00216,ENP00742,normal receptor activity
781,ENQ00823,ENR00058,ENC00250,ENP00276,unknown receptor activity
782,ENQ00824,ENR00651,ENC00233,ENP00743,unknown receptor activity
783,ENQ00825,ENR00047,ENC00216,ENP00744,unknown receptor activity
784,ENQ00826,ENR00103,ENC00020,ENP00745,unknown receptor activity
785,ENQ00827,ENR00602,ENC00020,ENP00746,unknown receptor activity
786,ENQ00828,ENR00228,ENC00048,ENP00747,unknown receptor activity
787,ENQ00829,ENR00228,ENC00063,ENP00748,unknown receptor activity
788,ENQ00831,ENR00228,ENC00122,ENP00750,unknown receptor activity
789,ENQ00832,ENR00535,ENC00074,ENP00751,unknown receptor activity
790,ENQ00833,ENR00582,ENC00096,ENP00752,unknown receptor activity
791,ENQ00834,ENR00005,ENC00048,ENP00753,unknown receptor activity
792,ENQ00835,ENR00579,ENC00361,ENP00754,unknown receptor activity
793,ENQ00836,ENR00579,ENC00580,ENP00755,unknown receptor activity
794,ENQ00837,ENR00263,ENC00062,ENP00210,normal receptor activity
795,ENQ00838,ENR00430,ENC00262,ENP00756,unknown receptor activity
796,ENQ00839,ENR01337,ENC00601,ENP00757,unknown receptor activity
797,ENQ00840,ENR01339,ENC00174,ENP00758,unknown receptor activity
798,ENQ00841,ENR01339,ENC00360,ENP00759,unknown receptor activity
799,ENQ00842,ENR01090,ENC00228,ENP00242,unknown receptor activity
800,ENQ00843,ENR01090,ENC00216,ENP00760,unknown receptor activity
801,ENQ00844,ENR01090,ENC00600,ENP00084,unknown receptor activity
802,ENQ00845,ENR01055,ENC00413,ENP00761,unknown receptor activity
803,ENQ00846,ENR01055,ENC00182,ENP00762,unknown receptor activity
804,ENQ00847,ENR00690,ENC00228,ENP00242,unknown receptor activity
805,ENQ00849,ENR00690,ENC00217,ENP00735,unknown receptor activity
806,ENQ00850,ENR00931,ENC00247,ENP00113,unknown receptor activity
807,ENQ00851,ENR00841,ENC00247,ENP00113,unknown receptor activity
808,ENQ00852,ENR00690,ENC00233,ENP00763,unknown receptor activity
809,ENQ00853,ENR00690,ENC00294,ENP00763,unknown receptor activity
810,ENQ00854,ENR00853,ENC00283,ENP00764,unknown receptor activity
811,ENQ00855,ENR01152,ENC00600,ENP00765,unknown receptor activity
812,ENQ00856,ENR01152,ENC00600,ENP00016,unknown receptor activity
813,ENQ00857,ENR00675,ENC00228,ENP00242,unknown receptor activity
814,ENQ00858,ENR01086,ENC00504,ENP00766,unknown receptor activity
815,ENQ00859,ENR00958,ENC00365,ENP00059,unknown receptor activity
816,ENQ00860,ENR01340,ENC00233,ENP00767,unknown receptor activity
817,ENQ00861,ENR00644,ENC00150,ENP00012,normal receptor activity
818,ENQ00862,ENR00698,ENC00086,ENP00197,unknown receptor activity
819,ENQ00863,ENR00700,ENC00086,ENP00197,unknown receptor activity
820,ENQ00864,ENR01100,ENC00122,ENP00768,unknown receptor activity
821,ENQ00865,ENR01109,ENC00250,ENP00769,unknown receptor activity
822,ENQ00866,ENR01108,ENC00063,ENP00770,unknown receptor activity
823,ENQ00867,ENR01108,ENC00063,ENP00771,unknown receptor activity
824,ENQ00868,ENR01108,ENC00152,ENP00772,unknown receptor activity
825,ENQ00869,ENR01108,ENC00074,ENP00773,unknown receptor activity
826,ENQ00870,ENR01109,ENC00152,ENP00772,unknown receptor activity
827,ENQ00871,ENR00874,ENC00318,ENP00559,unknown receptor activity
828,ENQ00872,ENR00874,ENC00318,ENP00774,more than normal receptor activity
829,ENQ00873,ENR00678,ENC00342,ENP00775,unknown receptor activity
830,ENQ00874,ENR00678,ENC00600,ENP00228,unknown receptor activity
831,ENQ00875,ENR01341,ENC00360,ENP00759,unknown receptor activity
832,ENQ00876,ENR00712,ENC00473,ENP00683,unknown receptor activity
833,ENQ00877,ENR01343,ENC00027,ENP00776,unknown receptor activity
834,ENQ00878,ENR01003,ENC00005,ENP00777,unknown receptor activity
835,ENQ00879,ENR01346,ENC00217,ENP00778,unknown receptor activity
836,ENQ00880,ENR00698,ENC00020,ENP00779,unknown receptor activity
837,ENQ00881,ENR00669,ENC00128,ENP00780,unknown receptor activity
838,ENQ00882,ENR01216,ENC00247,ENP00113,unknown receptor activity
839,ENQ00883,ENR00737,ENC00469,ENP00781,unknown receptor activity
840,ENQ00884,ENR00749,ENC00465,ENP00528,unknown receptor activity
841,ENQ00885,ENR00727,ENC00465,ENP00528,unknown receptor activity
842,ENQ00886,ENR01022,ENC00222,ENP00318,unknown receptor activity
