,Endo_id,name,compo_kegg,compo_uni,uniprot,ensembl,kegg,lipid_map,lipid_bank
0,ENH00007,androstenedione,['C00280'],[],empty0,empty0,C00280,LMST02020007,SST0028
1,ENH00058,vitamin D3,['C05443'],[],empty0,empty0,empty0,LMST03020001,VVD0237
2,ENH00065,dehydro-3-epiandrosterone,['C01227'],[],empty0,empty0,C01227,LMST02020021,SST0185
3,ENH00066,β-endorphin,[],[],empty0,empty0,empty0,empty0,empty0
4,ENH00070,estriol,['C05141'],[],empty0,empty0,C05141,LMST02010003,SST0014
5,ENH00100,resistin,[],['Q9HD89'],Q9HD89,ENST00000221515,hsa:56729,empty0,empty0
6,ENH00123,T4,['C01829'],[],empty0,empty0,empty0,empty0,empty0
7,ENH00143,CSHL1,[],[],Q14406,ENST00000309894,empty0,empty0,empty0
8,ENH00144,FST,[],[],P19883,ENST00000256759,hsa:10468,empty0,empty0
9,ENH00154,lipotropin beta,[],[],P01189,ENST00000405623,hsa:5443,empty0,empty0
10,ENH00155,lipotropin gamma,[],[],P01189,ENST00000405623,hsa:5443,empty0,empty0
11,ENH00186,RELMbeta,[],[],Q9BQ08,ENST00000295755,hsa:84666,empty0,empty0
12,ENH00191,IGFBP-2,[],['P18065'],P18065,ENSG00000115457,hsa:3485,empty0,empty0
13,ENH00193,IGFBP-4,[],['P22692'],P22692,ENSG00000141753,hsa:3487,empty0,empty0
14,ENH00194,IGFBP-5,[],['P24593'],P24593,ENSG00000115461,hsa:3488,empty0,empty0
15,ENH00195,IGFBP-6,[],['P24592'],P24592,ENSG00000167779,hsa:3489,empty0,empty0
16,ENH00202,SAA3,[],['P22614'],P22614,ENST00000278207,empty0,empty0,empty0
17,ENH00203,PAI-1,[],[],P05121,ENST00000445463,hsa:5054,empty0,empty0
18,ENH00204,collagen VI alpha 3,[],[],P12111,ENST00000295550,hsa:1293,empty0,empty0
19,ENH00205,SAA,[],['P02735'],P02735,ENST00000405158,hsa:6289,empty0,empty0
20,ENH00206,pentraxin 3,[],[],P26022,ENST00000295927,hsa:5806,empty0,empty0
21,ENH00207,haptoglobin,[],"['P00738', 'P00738']",P00738,ENST00000355906,hsa:3240,empty0,empty0
22,ENH00208,lipocalin 2,[],[],P80188,ENST00000373017,hsa:3934,empty0,empty0
23,ENH00211,calcidiol,[],[],empty0,empty0,empty0,LMST03020246,VVD0273
24,ENH00214,deoxycorticosterone,[],[],empty0,empty0,C03205,LMST02030087,SST0186
25,ENH00217,CRP,[],['P02741'],P02741,ENST00000255030,hsa:1401,empty0,empty0
26,ENH00224,TGF-beta 4,[],[],O00292,ENST00000366820,hsa:7044,empty0,empty0
27,ENH00230,HIF1,['hsa:3091'],['Q16665'],Q16665,ENST00000337138,hsa:3091,empty0,empty0
28,ENH00232,adipsin,[],['P00746'],P00746,ENST00000327726,hsa:1675,empty0,empty0
29,ENH00233,complement C3,[],"['P01024', 'P01024']",P01024,ENST00000245907,hsa:718,empty0,empty0
30,ENH00238,RBP4,[],[],P02753,ENST00000371467,hsa:5950,empty0,empty0
31,ENH00239,cholesteryl ester transfer protein,[],[],Q53YZ1,ENST00000200676,hsa:1071,empty0,empty0
32,ENH00240,metallothionein,[],[],P04731,ENST00000443255,hsa:4489,empty0,empty0
33,ENH00241,metallothionein 2A,[],[],P02795,ENST00000245185,hsa:4502,empty0,empty0
34,ENH00242,tissue factor,[],[],P13726,ENST00000334047,hsa:2152,empty0,empty0
35,ENH00254,IL-12A,[],[],P29459,ENST00000305579,hsa:3592,empty0,empty0
36,ENH00255,IL-12B,[],[],P29460,ENST00000231228,hsa:3593,empty0,empty0
37,ENH00290,TFF1,[],[],P04155,ENST00000291527,hsa:7031,empty0,empty0
38,ENH00292,TFF2,[],[],Q03403,ENST00000291526,hsa:7032,empty0,empty0
39,ENH00293,TFF3,[],[],Q07654,ENST00000414929,hsa:7033,empty0,empty0
40,ENH00311,IL-17E,[],[],Q9H293,ENST00000329715,hsa:64806,empty0,empty0
41,ENH00313,IL-16,[],[],Q14005,ENST00000394656,hsa:3603,empty0,empty0
42,ENH00353,IL-14,[],[],empty0,empty0,empty0,empty0,empty0
43,ENH00355,abeta40,[],[],P05067,ENST00000346798,hsa:351,empty0,empty0
44,ENH00358,inhibin alpha,[],[],P05111,ENST00000243786,hsa:3623,empty0,empty0
45,ENH00365,BMP5,[],[],P22003,ENST00000370830,hsa:653,empty0,empty0
46,ENH00383,BMP-3,[],[],P12645,ENST00000282701,hsa:651,empty0,empty0
47,ENH00384,IL-1F5,[],[],Q9UBH0,ENST00000393200,hsa:26525,empty0,empty0
48,ENH00387,IL-1F8,[],['Q9NZH7-1'],Q9NZH7,ENST00000259213,hsa:27177,empty0,empty0
49,ENH00388,GAS-2,[],[],O43903,ENST00000454584,hsa:2620,empty0,empty0
50,ENH00407,HCC-4,[],[],O15467,ENST00000293275,hsa:6360,empty0,empty0
51,ENH00410,angiopoietin-like protein 4,[],[],Q9BY76,ENST00000301455,hsa:51129,empty0,empty0
52,ENH00414,POMC,[],[],P01189,ENST00000405623,hsa:5443,empty0,empty0
53,ENH00416,lipoprotein lipase,[],[],P06858,ENST00000311322,hsa:4023,empty0,empty0
54,ENH00422,cathepsin D,[],[],P07339,ENST00000407742,hsa:1509,empty0,empty0
55,ENH00428,cathepsin L,[],[],P07711,ENST00000343150,hsa:1514,empty0,empty0
56,ENH00435,osteonectin,[],['P09486'],P09486,ENST00000231061,hsa:6678,empty0,empty0
57,ENH00437,BMP9,[],[],Q9UK05,ENST00000249598,hsa:2658,empty0,empty0
58,ENH00438,NOS,[],[],empty0,empty0,empty0,empty0,empty0
59,ENH00445,metallothionein 3,[],[],P25713,ENST00000200691,hsa:4504,empty0,empty0
60,ENH00449,estrogen,[],[],empty0,empty0,empty0,empty0,empty0
61,ENH00455,chondromodulin 1,[],"['O75829', 'O75829']",O75829,ENST00000377962,hsa:11061,empty0,empty0
62,ENH00456,chondromodulin 2,[],['O14960'],O14960,ENST00000274507,hsa:3950,empty0,empty0
63,ENH00457,fibromodulin,[],['Q06828'],Q06828,ENST00000354955,hsa:2331,empty0,empty0
64,ENH00458,decorin,[],"['P07585-2', 'P07585-3', 'P07585-4', 'P07585-5', 'P07585-1']",P07585,ENST00000393155,hsa:1634,empty0,empty0
65,ENH00460,bone sialoprotein 2,[],['P21815'],P21815,ENST00000226284,hsa:3381,empty0,empty0
66,ENH00464,glicentin,[],[],P01275,ENST00000418842,hsa:2641,empty0,empty0
67,ENH00465,glicentin-related polypeptide,[],['P01275'],P01275,ENST00000418842,hsa:2641,empty0,empty0
68,ENH00468,annexin A2,[],['P07355'],P07355,ENST00000451270,hsa:302,empty0,empty0
69,ENH00469,laminin gamma-2 chain,[],[],Q13753,ENST00000264144,hsa:3918,empty0,empty0
70,ENH00475,nocistatin,[],[],empty0,empty0,empty0,empty0,empty0
71,ENH00482,Wnt-4,[],[],P56705,ENST00000290167,hsa:54361,empty0,empty0
72,ENH00494,WNT10B,[],[],O00744,ENST00000301061,hsa:7480,empty0,empty0
73,ENH00497,WIF-1,[],['Q9Y5W5'],Q9Y5W5,ENST00000286574,hsa:11197,empty0,empty0
74,ENH00500,SFRP1,[],['Q8N474'],Q8N474,ENST00000220772,hsa:6422,empty0,empty0
75,ENH00503,sFRP-4,[],['Q6FHJ7'],Q6FHJ7,ENST00000436072,hsa:6424,empty0,empty0
76,ENH00504,sFRP-2,[],[],Q96HF1,ENST00000274063,hsa:6423,empty0,empty0
77,ENH00505,sFRP-3,[],['Q92765'],Q92765,ENST00000295113,hsa:2487,empty0,empty0
78,ENH00506,sFRP-5,[],['Q5T4F7'],Q5T4F7,ENST00000266066,hsa:6425,empty0,empty0
79,ENH00508,noggin,[],['Q13253'],Q13253,ENST00000332822,hsa:9241,empty0,empty0
80,ENH00509,chordin,[],"['Q9H2X0-1', 'Q9H2X0-2', 'Q9H2X0-3', 'Q9H2X0-4', 'Q9H2X0-5']",Q9H2X0,ENST00000204604,hsa:8646,empty0,empty0
81,ENH00510,twisted gastrulation,[],['Q9GZX9'],Q9GZX9,ENST00000262120,hsa:57045,empty0,empty0
82,ENH00512,gremlin-2,[],[],Q9H772,ENST00000318160,hsa:64388,empty0,empty0
83,ENH00518,crossveinless-2,[],['Q8N8U9'],Q8N8U9,ENST00000426693,hsa:168667,empty0,empty0
84,ENH00519,laminin alpha-1 chain,[],['P25391'],P25391,ENST00000389658,hsa:284217,empty0,empty0
85,ENH00520,laminin alpha-2 chain,[],[],P24043,ENST00000421865,hsa:3908,empty0,empty0
86,ENH00521,laminin alpha-4 chain,[],['Q16363'],Q16363,ENST00000230538,hsa:3910,empty0,empty0
87,ENH00524,laminin subunit beta-2,[],['P55268'],P55268,ENST00000418109,hsa:3913,empty0,empty0
88,ENH00525,laminin beta-3 chain,[],['Q13751'],Q13751,ENST00000391911,hsa:3914,empty0,empty0
89,ENH00526,laminin subunit gamma-1,[],['P11047'],P11047,ENST00000258341,hsa:3915,empty0,empty0
90,ENH00527,laminin gamma-3 chain,[],['Q9Y6N6'],Q9Y6N6,ENST00000355048,hsa:10319,empty0,empty0
91,ENH00534,sNRP1,[],['O14786-2'],O14786,ENST00000374867,hsa:8829,empty0,empty0
92,ENH00546,APOA4,[],[],P06727,ENST00000357780,empty0,empty0,empty0
93,ENH00547,APOA5,[],[],Q6Q788,ENST00000227665,hsa:116519,empty0,empty0
94,ENH00550,APOC1,[],[],P02654,ENST00000252491,hsa:341,empty0,empty0
95,ENH00553,APOC2,[],[],P02655,ENST00000419266,hsa:344,empty0,empty0
96,ENH00554,APOC3,[],[],P02656,ENST00000375345,hsa:345,empty0,empty0
97,ENH00556,APOD,[],[],P05090,ENST00000343267,hsa:347,empty0,empty0
98,ENH00565,SAA1,[],[],empty0,empty0,empty0,empty0,empty0
99,ENH00570,WISP-2,[],['O76076'],O76076,ENST00000372868,hsa:8839,empty0,empty0
100,ENH00573,WISP1,[],"['O95388-1', 'O95388-2']",O95388,ENST00000250160,hsa:8840,empty0,empty0
101,ENH00574,WISP3,[],['O95389'],O95389,ENST00000368666,hsa:8838,empty0,empty0
102,ENH00577,defensin alpha 1,[],['P59665'],P59665alp,empty0,empty0,empty0,empty0
103,ENH00603,beta-neoendorphin,[],['P01213'],P01213,ENST00000217305,hsa:5173,empty0,empty0
104,ENH00605,leumorphin,[],['P01213'],P01213,ENST00000217305,hsa:5173,empty0,empty0
105,ENH00617,katacalcin,[],['P01258-1'],P01258,ENST00000396372,hsa:796,empty0,empty0
106,ENH00633,TIMP-1,[],['P01033'],P01033,ENST00000218388,hsa:7076,empty0,empty0
107,ENH00636,TIMP-4,[],['Q99727'],Q99727,ENST00000287814,hsa:7079,empty0,empty0
108,ENH00637,stem cell growth factor,[],['Q9Y240'],Q9Y240,ENST00000250340,hsa:6320,empty0,empty0
109,ENH00638,follicular dendritic cell secreted peptide,[],['Q8NFU4'],Q8NFU4,ENST00000317987,hsa:260436,empty0,empty0
110,ENH00639,neudesin,[],['Q9UMX5'],Q9UMX5,ENST00000366988,hsa:29937,empty0,empty0
111,ENH00640,SLURP-1,[],['P55000'],P55000,ENST00000246515,hsa:57152,empty0,empty0
112,ENH00642,Spp-24,[],['Q13103'],Q13103,ENST00000373368,hsa:6694,empty0,empty0
113,ENH00643,SECTM1,[],['Q8WVN6'],Q8WVN6,ENST00000269389,hsa:6398,empty0,empty0
114,ENH00644,MSMB,[],[],P08118,ENST00000358559,hsa:4477,empty0,empty0
115,ENH00645,CLIP,[],[],P01189,ENST00000405623,hsa:5443,empty0,empty0
116,ENH00657,cholesterol,[],[],empty0,empty0,empty0,LMST01010001,SST9061
117,ENH00658,RELMalpha,[],[],empty0,empty0,empty0,empty0,empty0
118,ENH00660,AGR2,[],['O95994'],O95994,ENST00000419572,hsa:10551,empty0,empty0
119,ENH00661,ectodysplasin-A,[],['Q92838'],Q92838,ENST00000374553,hsa:1896,empty0,empty0
120,ENH00663,leukocystatin,[],['O76096'],O76096,ENST00000480798,hsa:8530,empty0,empty0
121,ENH00664,CST6,[],[],Q15828,ENST00000312134,hsa:1474,empty0,empty0
122,ENH00666,CST8,[],['O60676'],O60676,ENST00000246012,hsa:10047,empty0,empty0
123,ENH00671,uteroglobin,[],['P11684'],P11684,ENST00000278282,hsa:7356,empty0,empty0
124,ENH00679,BMP-15,[],[],O95972,ENST00000252677,hsa:9210,empty0,empty0
125,ENH00705,fetuin-B,[],['Q9UGM5'],Q9UGM5,ENST00000450521,hsa:26998,empty0,empty0
126,ENH00707,IL-32,[],[],P24001,ENST00000416912,hsa:9235,empty0,empty0
127,ENH00708,mucin-2,[],[],Q02817,ENST00000359061,hsa:4583,empty0,empty0
128,ENH00712,cathelicidin,[],[],P49913,ENST00000296435,hsa:820,empty0,empty0
129,ENH00716,neutrophil defensin 1,[],[],P59665,ENST00000382692,hsa:728358,empty0,empty0
130,ENH00717,neutrophil defensin 3,[],[],P59666,ENST00000327857,hsa:1668,empty0,empty0
131,ENH00721,defensin 5,[],[],Q01523,ENST00000330590,hsa:1670,empty0,empty0
132,ENH00722,defensin 6,[],[],Q01524,ENST00000297436,hsa:1671,empty0,empty0
133,ENH00723,BD-7,[],[],Q8IZN7,ENST00000355602,hsa:503614,empty0,empty0
134,ENH00724,BD-8,[],[],Q8NET1,ENST00000328698,hsa:245911,empty0,empty0
135,ENH00727,IL-23,[],"['P29460', 'Q9NPF7']",Q9NPF7,ENST00000228534,hsa:51561,empty0,empty0
136,ENH00739,thymosin beta-4,[],[],P62328,ENST00000451311,hsa:7114,empty0,empty0
137,ENH00741,galectin-7,[],['P47929'],P47929,ENST00000378626,hsa:653499,empty0,empty0
138,ENH00742,galectin-3-binding protein,[],['Q08380'],Q08380,ENST00000262776,hsa:3959,empty0,empty0
139,ENH00750,galectin-13,[],['Q9UHV8'],Q9UHV8,ENST00000221797,hsa:29124,empty0,empty0
140,ENH00759,VEGF-189,[],[],P15692-2,ENST00000372055,hsa:7422,empty0,empty0
141,ENH00762,VEGF-206,[],[],P15692-1,ENST00000372055,hsa:7422,empty0,empty0
142,ENH00763,VEGF-183,[],[],P15692-3,ENST00000372055,hsa:7422,empty0,empty0
143,ENH00764,soluble VEGFR-1,[],[],empty0,empty0,empty0,empty0,empty0
144,ENH00766,sVEGFR-2,[],[],empty0,empty0,empty0,empty0,empty0
145,ENH00768,pancreastatin,[],[],P10645,ENST00000216492,hsa:1113,empty0,empty0
146,ENH00771,chromogranin A,[],[],P10645,ENST00000216492,hsa:1113,empty0,empty0
147,ENH00773,secretogranin-2,[],[],P13521,ENST00000305409,hsa:7857,empty0,empty0
148,ENH00774,secretoneurin,[],[],P13521,ENST00000305409,hsa:7857,empty0,empty0
149,ENH00790,PSBG-5,[],[],Q15238,ENST00000407356,hsa:5673,empty0,empty0
150,ENH00799,kallikrein 10,[],['O43240'],O43240,ENST00000391805,hsa:5655,empty0,empty0
151,ENH00802,soluble mesothelin,[],[],empty0,empty0,empty0,empty0,empty0
152,ENH00804,prostasin,[],[],Q16651,ENST00000317508,hsa:5652,empty0,empty0
153,ENH00808,complement factor B,[],[],P00751,ENST00000455591,hsa:629,empty0,empty0
154,ENH00812,apolipoprotein A-related gene C,[],[],Q16609,ENST00000447327,empty0,empty0,empty0
155,ENH00813,ventroptin,[],['Q9BU40'],Q9BU40,ENST00000394797,hsa:91851,empty0,empty0
156,ENH00815,DANTE,[],[],Q8N907,ENST00000317060,hsa:199699,empty0,empty0
157,ENH00820,CBG,[],[],P08185,ENST00000341584,hsa:866,empty0,empty0
158,ENH00821,chordin-like protein 2,[],['Q6WN34'],Q6WN34,ENST00000376332,hsa:25884,empty0,empty0
159,ENH00840,laminin-5B,[],[],empty0,empty0,empty0,empty0,empty0
160,ENH00848,fibulin 1A,[],['P23142-2'],P23142-2,ENST00000327858,hsa:2192,empty0,empty0
161,ENH00849,fibulin 1B,[],['P23142-3'],P23142-3,ENST00000327858,hsa:2192,empty0,empty0
162,ENH00859,IGFBP-1 isoform a,[],[],P08833,ENSG00000146678,hsa:3484,empty0,empty0
163,ENH00864,NRG1-alpha2B,[],[],Q02297-3,ENST00000287840,hsa:3084,empty0,empty0
164,ENH00868,ECM1a,[],[],Q16610,ENST00000369047,hsa:1893,empty0,empty0
165,ENH00869,ECM1b,[],[],Q16610,ENST00000369047,hsa:1893,empty0,empty0
166,ENH00875,ADNF,[],[],empty0,empty0,empty0,empty0,empty0
167,ENH00878,ADNP,[],['Q9H2P0'],Q9H2P0,ENST00000396032,hsa:23394,empty0,empty0
168,ENH00886,sAPP,[],[],empty0,empty0,empty0,empty0,empty0
169,ENH00887,sAPPalpha,[],[],P05067,ENST00000346798,hsa:351,empty0,empty0
170,ENH00889,SMOC-1 isoform 1,[],['Q9H4F8'],Q9H4F8-1,ENST00000381280,hsa:64093,empty0,empty0
171,ENH00892,tomoregulin-2 ectodomain,[],[],Q9UIK5,ENST00000272771,hsa:23671,empty0,empty0
172,ENH00895,IL-22BP,[],[],empty0,empty0,empty0,empty0,empty0
173,ENH00896,FABP4,[],['P15090'],P15090,ENST00000256104,hsa:2167,empty0,empty0
174,ENH00897,FABP2,[],[],P12104,ENST00000274024,hsa:2169,empty0,empty0
175,ENH00900,FABP5,[],['Q01469'],Q01469,ENST00000297258,hsa:2171,empty0,empty0
176,ENH00903,insulin-like peptide INSL6,[],['Q9Y581'],Q9Y581,ENST00000381641,hsa:11172,empty0,empty0
177,ENH00906,relaxin-2 isoform 2,[],[],P04090-2,ENST00000381627,hsa:6019,empty0,empty0
178,ENH00907,FABP7,[],['O15540'],O15540,ENST00000368444,hsa:2173,empty0,empty0
179,ENH00914,gastrin-6,[],[],P01350,ENST00000329402,hsa:2520,empty0,empty0
180,ENH00916,insulin-like peptide 4,[],"['Q14641', 'Q14641']",Q14641,ENST00000239316,hsa:3641,empty0,empty0
181,ENH00921,catestatin,[],[],P10645,ENST00000216492,hsa:1113,empty0,empty0
182,ENH00937,proteinase 3,[],['P24158'],P24158,ENST00000234347,hsa:5657,empty0,empty0
183,ENH00939,PAI-2,[],[],P05120,ENST00000457692,hsa:5055,empty0,empty0
184,ENH00958,pregnancy-associated plasma protein A,[],[],Q13219,ENST00000328252,hsa:5069,empty0,empty0
185,ENH00959,MMP-3,[],[],P08254,ENST00000299855,hsa:4314,empty0,empty0
186,ENH00960,MMP-7,[],[],P09237,ENST00000260227,hsa:4316,empty0,empty0
187,ENH00961,EETs,[],[],empty0,empty0,empty0,empty0,empty0
188,ENH00963,elafin,[],[],P19957,ENST00000243924,hsa:5266,empty0,empty0
189,ENH00966,huntingtin,[],[],P42858,ENST00000355072,hsa:3064,empty0,empty0
190,ENH00971,ataxin-7,[],[],O15265,ENST00000487717,hsa:6314,empty0,empty0
191,ENH00974,"frataxin, mitochondrial",[],['Q16595-1'],Q16595,ENST00000377270,hsa:2395,empty0,empty0
192,ENH00975,tau,[],[],P10636,ENST00000262410,hsa:4137,empty0,empty0
193,ENH00980,vasorin,[],[],Q6EMK4,ENST00000304735,hsa:114990,empty0,empty0
194,ENH01010,6-Keto-PGF1a,[],[],empty0,empty0,C05961,LMFA03010001,XPR1811
195,ENH01048,pregnenolone,[],[],empty0,empty0,C01953,LMST02030088,SST0283
196,ENH01051,GFAP,[],[],P14136,ENST00000253408,hsa:2670,empty0,empty0
197,ENH01066,20-HETE,[],[],empty0,empty0,C14748,LMFA03060009,empty0
198,ENH01071,STC1,[],['P52823'],P52823,ENST00000290271,6781,empty0,empty0
199,ENH01072,STC-2,[],['O76061'],O76061,ENST00000265087,8614,empty0,empty0
200,ENH01077,Alarin,[],['Q9UBC7-2'],Q9UBC7-2,ENST00000357330,hsa:85569,empty0,empty0
201,ENH01087,IL-17C,[],[],Q9P0M4,ENST00000244241,hsa:27189,empty0,empty0
202,ENH01092,FAM3D,[],[],Q96BQ1,ENST00000358781,hsa:131177,empty0,empty0
203,ENH01093,FAM3A,[],[],P98173,ENST00000447601,hsa:60343,empty0,empty0
204,ENH01094,FAM3B-b,[],[],P58499-1,ENST00000357985,hsa:54097,empty0,empty0
205,ENH01095,FAM3B-a,[],[],P58499-2,ENST00000357985,hsa:54097,empty0,empty0
206,ENH01124,ATP-binding cassette sub-family A member 1,[],[],O95477,ENST00000423487,hsa:19,empty0,empty0
207,ENH01125,insulin receptor substrate 1,[],[],P35568,ENST00000305123,hsa:3667,empty0,empty0
208,ENH01127,Dynamin-2,[],[],P50570,ENST00000359692,hsa:1785,empty0,empty0
209,ENH01128,Syntaxin-4,[],[],Q12846,ENST00000313843,hsa:6810,empty0,empty0
210,ENH01129,pancreatic alpha-amylase,['hsa:279'],['P04746'],P04746,ENST00000414303,hsa:279,empty0,empty0
211,ENH01130,cytokine-induced neutrophil chemoattractant 1,['rno:81503'],['P14095'],P14095,RNOT00000003778,rno:81503,empty0,empty0
212,ENH01135,Thymulin,[],[],empty0,empty0,empty0,empty0,empty0
213,ENH01136,cocaine- and amphetamine-regulated transcript protein,[],[],Q16568,ENST00000296777,hsa:9607,empty0,empty0
214,ENH01137,VLDL,[],[],empty0,empty0,empty0,empty0,TLP1301
215,ENH01138,IDL,[],[],empty0,empty0,empty0,empty0,empty0
216,ENH01139,HDL,[],[],empty0,empty0,empty0,empty0,TLP1201
217,ENH01140,chylomicron,[],[],empty0,empty0,empty0,empty0,TLP1401
0,ENH00949,IL-27B,[],[],Q14213,ENST00000221847,hsa:10148,empty0,empty0
1,ENH00950,IL-27,[],[],empty0,empty0,empty0,empty0,empty0
2,ENH00951,sialoadhesin isoform 2,[],[],Q9BZZ2-2,ENST00000344754,hsa:6614,empty0,empty0
3,ENH00952,SLAMF1 isoform 3,[],[],Q13291,ENST00000302035,hsa:6504,empty0,empty0
4,ENH00953,intrinsic factor,[],[],P27352,ENST00000257248,hsa:2694,empty0,empty0
5,ENH00958,pregnancy-associated plasma protein A,[],[],Q13219,ENST00000328252,hsa:5069,empty0,empty0
6,ENH00959,MMP-3,[],[],P08254,ENST00000299855,hsa:4314,empty0,empty0
7,ENH00960,MMP-7,[],[],P09237,ENST00000260227,hsa:4316,empty0,empty0
8,ENH00961,EETs,[],[],empty0,empty0,empty0,empty0,empty0
9,ENH00962,SLPI,[],[],P03973,ENST00000338380,hsa:6590,empty0,empty0
10,ENH00963,elafin,[],[],P19957,ENST00000243924,hsa:5266,empty0,empty0
11,ENH00965,free PSA,[],[],P07288,ENST00000326003,hsa:354,empty0,empty0
12,ENH00966,huntingtin,[],[],P42858,ENST00000355072,hsa:3064,empty0,empty0
13,ENH00971,ataxin-7,[],[],O15265,ENST00000487717,hsa:6314,empty0,empty0
14,ENH00974,"frataxin, mitochondrial",[],['Q16595-1'],Q16595,ENST00000377270,hsa:2395,empty0,empty0
15,ENH00975,tau,[],[],P10636,ENST00000262410,hsa:4137,empty0,empty0
16,ENH00976,slit-1,[],['O75093'],O75093,ENST00000266058,hsa:6585,empty0,empty0
17,ENH00977,slit-2 isoform 1 C-product,[],['O94813'],O94813,ENST00000273739,hsa:9353,empty0,empty0
18,ENH00978,slit-2 isoform 1 N-product,[],['O94813'],O94813,ENST00000273739,hsa:9353,empty0,empty0
19,ENH00979,slit-3 isoform 1,[],['O75094'],O75094,ENST00000332966,hsa:6586,empty0,empty0
20,ENH00980,vasorin,[],[],Q6EMK4,ENST00000304735,hsa:114990,empty0,empty0
21,ENH00990,LTB4-d4,[],[],empty0,empty0,empty0,LMFA03020030,empty0
22,ENH00991,"12-keto-10,11,14,15-tetrahydro-LTB4",[],[],empty0,empty0,empty0,LMFA03020004,XPR3112
23,ENH00992,6-trans-LTB4,[],[],empty0,empty0,empty0,LMFA03020013,XPR3115
24,ENH00993,12-oxo-LTB4,[],[],empty0,empty0,C05949,LMFA03020024,XPR3111
25,ENH00994,LTB4 dimethyl amide,[],[],empty0,empty0,empty0,LMFA03020011,XPR3113
26,ENH00995,LTB4 ethanol amide,[],[],empty0,empty0,empty0,LMFA03020012,XPR3114
27,ENH00997,12-epi-LTB4,[],[],empty0,empty0,empty0,LMFA03020015,XPR3117
28,ENH00998,20-carboxy-LTB4,[],[],empty0,empty0,C05950,LMFA03020016,XPR3118
29,ENH00999,"14,15-dehydro-LTB4",[],[],empty0,empty0,empty0,LMFA03020017,XPR3119
30,ENH01000,20-hydroxy LTB4,[],[],empty0,empty0,C04853,LMFA03020018,XPR3120
31,ENH01001,LTB5,[],[],empty0,empty0,empty0,LMFA03020010,XPR4102
32,ENH01003,LXA4,[],[],empty0,empty0,C06314,LMFA03040001,XPR4001
33,ENH01004,LXB4,[],[],empty0,empty0,C06315,LMFA03040002,XPR4101
34,ENH01007,lysyl-bradykinin,[],['P01042-1'],P01042,ENST00000265023,hsa:3827,empty0,empty0
35,ENH01010,6-Keto-PGF1a,[],[],empty0,empty0,C05961,LMFA03010001,XPR1811
36,ENH01021,PGE3,[],[],empty0,empty0,empty0,LMFA03010135,XPR1402
37,ENH01043,resolvin E1,[],[],empty0,empty0,empty0,LMFA03070019,empty0
38,ENH01045,5-Oxo-ETE,[],[],empty0,empty0,C14732,LMFA03060011,DFA8156
39,ENH01047,5S-HpETE,[],[],empty0,empty0,C05356,LMFA03060012,XPR6001
40,ENH01048,pregnenolone,[],[],empty0,empty0,C01953,LMST02030088,SST0283
41,ENH01051,GFAP,[],[],P14136,ENST00000253408,hsa:2670,empty0,empty0
42,ENH01052,"anandamide (20:4, n-6)",[],[],empty0,empty0,C11695,LMFA08040001,XPR7001
43,ENH01053,L-aspartate,[],[],empty0,empty0,C00049,empty0,empty0
44,ENH01054,L-glutamate,[],[],empty0,empty0,C00025,empty0,empty0
45,ENH01055,D-aspartate,[],[],empty0,empty0,C00402,empty0,empty0
46,ENH01063,angiotensin-(1-7),[],[],empty0,empty0,empty0,empty0,empty0
47,ENH01065,des-Arg9 bradykinin,[],[],empty0,empty0,empty0,empty0,empty0
48,ENH01066,20-HETE,[],[],empty0,empty0,C14748,LMFA03060009,empty0
49,ENH01071,STC1,[],['P52823'],P52823,ENST00000290271,6781,empty0,empty0
50,ENH01072,STC-2,[],['O76061'],O76061,ENST00000265087,8614,empty0,empty0
51,ENH01074,TIP39,['hsa:113091'],['Q96A98'],Q96A98,ENST00000270631,hsa:113091,empty0,empty0
52,ENH01076,galanin-like peptide Isoform 1,[],['Q9UBC7-1'],Q9UBC7-1,ENST00000357330,hsa:85569,empty0,empty0
53,ENH01077,Alarin,[],['Q9UBC7-2'],Q9UBC7-2,ENST00000357330,hsa:85569,empty0,empty0
54,ENH01081,2-Arachidonyl glycerol ether,[],[],empty0,empty0,empty0,empty0,XPR7089
55,ENH01082,2-Arachidonoylglycerol,[],[],empty0,empty0,empty0,empty0,XPR7086
56,ENH01083,Virodhamine,[],[],empty0,empty0,empty0,empty0,empty0
57,ENH01085,IL-1F9-1,[],[],Q9NZH8-1,ENST00000259205,hsa:56300,empty0,empty0
58,ENH01086,IL-1F9-2,[],[],Q9NZH8-2,ENST00000259205,hsa:56300,empty0,empty0
59,ENH01087,IL-17C,[],[],Q9P0M4,ENST00000244241,hsa:27189,empty0,empty0
60,ENH01089,Granulin-1,[],[],P28799-1,ENST00000053867,hsa:2896,empty0,empty0
61,ENH01092,FAM3D,[],[],Q96BQ1,ENST00000358781,hsa:131177,empty0,empty0
62,ENH01093,FAM3A,[],[],P98173,ENST00000447601,hsa:60343,empty0,empty0
63,ENH01094,FAM3B-b,[],[],P58499-1,ENST00000357985,hsa:54097,empty0,empty0
64,ENH01095,FAM3B-a,[],[],P58499-2,ENST00000357985,hsa:54097,empty0,empty0
65,ENH01108,chemokine-like factor,[],[],Q9UBR5,ENST00000264001,hsa:51192,empty0,empty0
66,ENH01113,lysophosphatidic acid,[],[],empty0,empty0,empty0,empty0,PGP4003
67,ENH01121,GLP-1,[],['P01275'],P01275,ENST00000418842,hsa:2641,empty0,empty0
68,ENH01122,proprotein convertase subtilisin/kexin type 9,[],[],Q8NBP7,ENST00000452118,hsa:255738,empty0,empty0
69,ENH01123,annexin A1,[],[],P04083,ENST00000456643,hsa:301,empty0,empty0
70,ENH01124,ATP-binding cassette sub-family A member 1,[],[],O95477,ENST00000423487,hsa:19,empty0,empty0
71,ENH01125,insulin receptor substrate 1,[],[],P35568,ENST00000305123,hsa:3667,empty0,empty0
72,ENH01126,pigment epithelium-derived factor,[],[],P36955,ENST00000254722,hsa:5176,empty0,empty0
73,ENH01127,Dynamin-2,[],[],P50570,ENST00000359692,hsa:1785,empty0,empty0
74,ENH01128,Syntaxin-4,[],[],Q12846,ENST00000313843,hsa:6810,empty0,empty0
75,ENH01129,pancreatic alpha-amylase,['hsa:279'],['P04746'],P04746,ENST00000414303,hsa:279,empty0,empty0
76,ENH01130,cytokine-induced neutrophil chemoattractant 1,['rno:81503'],['P14095'],P14095,RNOT00000003778,rno:81503,empty0,empty0
77,ENH01131,sphingosine 1-phosphate,[],[],empty0,empty0,empty0,empty0,empty0
78,ENH01132,lysophosphatidylcholine,[],[],empty0,empty0,empty0,empty0,empty0
79,ENH01133,Sphingosylphosphorylcholine,[],[],empty0,empty0,empty0,empty0,empty0
80,ENH01135,Thymulin,[],[],empty0,empty0,empty0,empty0,empty0
81,ENH01136,cocaine- and amphetamine-regulated transcript protein,[],[],Q16568,ENST00000296777,hsa:9607,empty0,empty0
82,ENH01137,VLDL,[],[],empty0,empty0,empty0,empty0,TLP1301
83,ENH01138,IDL,[],[],empty0,empty0,empty0,empty0,empty0
84,ENH01139,HDL,[],[],empty0,empty0,empty0,empty0,TLP1201
85,ENH01140,chylomicron,[],[],empty0,empty0,empty0,empty0,TLP1401
86,ENH01145,Succinate,[],[],empty0,empty0,C00042,LMFAO1170043,empty0
87,ENH01146,Interleukin-34,[],[],Q6ZMJ4,ENSG00000157368,empty0,empty0,empty0
88,ENH01147,hemokinin,[],[],empty0,ENSG00000176358,empty0,empty0,empty0
89,ENH01148,Calmodulin,[],[],P62158,ENST00000391918,hsa:808,empty0,empty0
90,ENH01149,LIGHT,[],[],O43557,ENST00000326176,hsa:8740,empty0,empty0
91,ENH01150,nuclear factor from high endothelial venules,[],[],O95760,ENST00000456383,hsa:90865,empty0,empty0
92,ENH01151,Ephrin-B2,[],[],P52799,ENST00000245323,hsa:1948,empty0,empty0
93,ENH01152,Alpha-neoendorphin,[],[],P01213,ENST00000540134,hsa:5173,empty0,empty0
94,ENH01153,OX40L,[],[],P23510,ENST00000281834,hsa:7292,empty0,empty0
95,ENH01154,kinesin-1,[],"['P33176', 'Q07866']",empty0,empty0,empty0,empty0,empty0
96,ENH00002,5alpha-androstanediol,['C07632'],[],empty0,empty0,C07632,LMST02020052,empty0
97,ENH00003,DHT,['C03917'],[],empty0,empty0,C03917,LMST02020018,SST0148
98,ENH00005,aldosterone,['C01780'],[],empty0,empty0,C01780,LMST02030026,SST0129
99,ENH00007,androstenedione,['C00280'],[],empty0,empty0,C00280,LMST02020007,SST0028
100,ENH00016,calcitriol,['C01673'],[],empty0,empty0,C01673,LMST03020258,VVD0285
101,ENH00018,corticosterone,['C02140'],[],empty0,empty0,C02140,LMST02030092,SST0168
102,ENH00019,cortisol,['C00735'],[],empty0,empty0,C00735,LMST02030001,SST0244
103,ENH00020,cortisone,['C00762'],[],empty0,empty0,C00762,LMST02030090,SST0042
104,ENH00021,dopamine,[],[],empty0,empty0,empty0,empty0,empty0
105,ENH00022,epinephrine,['C00788'],[],empty0,empty0,empty0,empty0,empty0
106,ENH00023,estradiol,['C00951'],[],empty0,empty0,C00951,LMST02010001,SST0064
107,ENH00030,IGF,[],[],empty0,empty0,empty0,empty0,empty0
108,ENH00031,IGF-1,[],['P01343'],P01343,ENST00000456098,3479,empty0,empty0
109,ENH00038,LH,[],"['P01229', 'P01215']",empty0,empty0,empty0,empty0,empty0
110,ENH00039,melatonin,['C01598'],[],empty0,empty0,empty0,empty0,empty0
111,ENH00041,MSH,[],[],empty0,empty0,empty0,empty0,empty0
112,ENH00043,norepinephrine,['C00547'],[],empty0,empty0,empty0,empty0,empty0
113,ENH00049,progesterone,['C00410'],[],empty0,empty0,C00410,empty0,empty0
114,ENH00054,SP,[],['P20366'],P20366,ENST00000414974,hsa:6863,empty0,empty0
115,ENH00056,T3,['C02465'],[],empty0,empty0,empty0,empty0,empty0
116,ENH00057,testosterone,['C00535'],[],empty0,empty0,C00535,LMST02020002,SST0020
117,ENH00058,vitamin D3,['C05443'],[],empty0,empty0,empty0,LMST03020001,VVD0237
118,ENH00062,bradykinin,['C00306'],['P01042-1'],P01042,ENST00000447445,hsa:3827,empty0,empty0
119,ENH00063,cholecystokinin,[],[],P06307,ENST00000434608,hsa:885,empty0,empty0
120,ENH00064,CRH,[],[],P06850,ENST00000276571,hsa:1392,empty0,empty0
121,ENH00065,dehydro-3-epiandrosterone,['C01227'],[],empty0,empty0,C01227,LMST02020021,SST0185
122,ENH00066,β-endorphin,[],[],empty0,empty0,empty0,empty0,empty0
123,ENH00067,EGF,[],['P01133'],P01133,ENST00000265171,hsa:1950,empty0,empty0
124,ENH00068,erythropoietin,[],[],P01588,ENST00000252723,hsa:2056,empty0,empty0
125,ENH00070,estriol,['C05141'],[],empty0,empty0,C05141,LMST02010003,SST0014
126,ENH00072,FGF-1 isoform 1,[],[],P05230,ENST00000441680,hsa:2246,empty0,empty0
127,ENH00073,FGF-2,[],[],P09038,ENST00000394350,hsa:2247,empty0,empty0
128,ENH00074,FSH,[],"['P01215', 'P01225']",P01225,ENST00000417547,K05250,empty0,empty0
129,ENH00076,gastrin,[],[],P01350,ENST00000329402,hsa:2520,empty0,empty0
130,ENH00078,GHRH,[],[],P01286,ENST00000373614,hsa:2691,empty0,empty0
131,ENH00080,adiponectin,[],[],Q15848,ENST00000444204,hsa:9370,empty0,empty0
132,ENH00082,angiotensinogen,[],[],P01019,ENST00000430091,hsa:183,empty0,empty0
133,ENH00084,IGF-2,[],[],P01344,ENST00000434045,hsa:3481,empty0,empty0
134,ENH00096,insulin,[],[],P01308,ENSG00000129965,hsa:3630,empty0,empty0
135,ENH00097,angiotensin II,[],[],P01019,ENST00000430091,hsa:183,empty0,empty0
136,ENH00098,Oxytocin-Neurophysin 1,[],[],P01178,ENST00000217386,hsa:5020,empty0,empty0
137,ENH00099,NT,[],[],P30990,ENST00000256010,hsa:4922,empty0,empty0
138,ENH00100,resistin,[],['Q9HD89'],Q9HD89,ENST00000221515,hsa:56729,empty0,empty0
139,ENH00103,calcitonin,[],['P01258-1'],P01258,ENST00000396372,hsa:796,empty0,empty0
140,ENH00104,glucagon,[],['P01275'],P01275,ENST00000418842,hsa:2641,empty0,empty0
141,ENH00105,IGF-1A,[],[],P01343-1,ENST00000337514,hsa:3479,empty0,empty0
142,ENH00106,IGF-1B,[],[],P05019-1,ENST00000307046,empty0,empty0,empty0
143,ENH00107,PTH,[],[],P01270,ENST00000282091,hsa:5741,empty0,empty0
144,ENH00111,PRL,[],[],P01236,ENST00000306482,hsa:5617,empty0,empty0
145,ENH00116,CSH1,[],[],P01243,ENST00000316193,hsa:1443,empty0,empty0
146,ENH00117,GH,[],[],P01241,ENST00000323322,hsa:2688,empty0,empty0
147,ENH00118,ACTH,[],['P01189'],P01189,ENST00000405623,hsa:5443,empty0,empty0
148,ENH00119,antidiuretic hormone,['551'],['P01185'],P01185,ENST00000380293,551,empty0,empty0
149,ENH00120,inhibin B,[],"['P09529', 'P05111']",empty0,empty0,empty0,empty0,empty0
150,ENH00121,TSH,[],"['P01215', 'P01222']",empty0,empty0,empty0,empty0,empty0
151,ENH00122,TRH,[],[],P20396,ENST00000302649,hsa:7200,empty0,empty0
152,ENH00123,T4,['C01829'],[],empty0,empty0,empty0,empty0,empty0
153,ENH00124,somatostatin,[],[],P61278,ENST00000287641,hsa:6750,empty0,empty0
154,ENH00125,VIP,"['hsa:7432', 'hsa:7432']","['P01282', 'P01282', 'P01282']",P01282,ENST00000367244,hsa:7432,empty0,empty0
155,ENH00126,GIP,[],[],P09681,ENST00000357424,hsa:2695,empty0,empty0
156,ENH00127,ghrelin,['hsa:51738'],"['Q9UBU3', 'Q9UBU3']",Q9UBU3,ENST00000457360,C16025,empty0,empty0
157,ENH00128,pancreatic polypeptide,[],[],P01298,ENST00000225992,hsa:5539,empty0,empty0
158,ENH00134,GnRH-I,[],[],P01148,ENST00000421054,2796,empty0,empty0
159,ENH00135,FGF-4,[],[],P08620,ENST00000168712,hsa:2249,empty0,empty0
160,ENH00136,ProADM,[],[],P35318,ENST00000278175,hsa:133,empty0,empty0
161,ENH00137,ADM,[],[],P35318,ENST00000278175,hsa:133,empty0,empty0
162,ENH00138,ADM2,[],[],Q7Z4H4,ENST00000395738,hsa:79924,empty0,empty0
163,ENH00139,AGRP,[],[],O00253,ENST00000393941,hsa:181,empty0,empty0
164,ENH00140,IAPP,[],[],P10997,ENST00000240652,hsa:3375,empty0,empty0
165,ENH00141,cortistatin,[],[],O00230,ENST00000377049,hsa:1325,empty0,empty0
166,ENH00143,CSHL1,[],[],Q14406,ENST00000309894,empty0,empty0,empty0
167,ENH00144,FST,[],[],P19883,ENST00000256759,hsa:10468,empty0,empty0
168,ENH00145,CGRP2,[],[],P10092,ENST00000396377,hsa:797,empty0,empty0
169,ENH00146,GnRH-II (Isoform 1),[],[],O43555,ENST00000245983,hsa:2797,empty0,empty0
170,ENH00147,GH-2,[],['P01242-1'],P01242,ENST00000423893,hsa:2689,empty0,empty0
171,ENH00148,GPH,[],"['Q96T91', 'Q86YW7']",empty0,empty0,empty0,empty0,empty0
172,ENH00149,hCG,[],"['P01215', 'P01233']",P01233,ENST00000448456,hsa:94115,empty0,empty0
173,ENH00150,GRP,[],['P07492-1'],P07492,ENST00000256857,hsa:2922,empty0,empty0
174,ENH00152,PrRP31,[],[],P81277,ENST00000165524,hsa:51052,empty0,empty0
175,ENH00153,PrRP20,[],[],P81277,ENST00000165524,hsa:51052,empty0,empty0
176,ENH00154,lipotropin beta,[],[],P01189,ENST00000405623,hsa:5443,empty0,empty0
177,ENH00155,lipotropin gamma,[],[],P01189,ENST00000405623,hsa:5443,empty0,empty0
178,ENH00156,alpha-MSH,[],[],P01189,ENST00000405623,hsa:5443,empty0,empty0
179,ENH00157,MCH,[],[],P20382,ENST00000329406,hsa:5367,empty0,empty0
180,ENH00158,orexin-A,[],[],O43612,ENST00000293330,hsa:3060,empty0,empty0
181,ENH00159,orexin-B,[],[],O43612,ENST00000293330,hsa:3060,empty0,empty0
182,ENH00160,leptin,[],['P41159'],P41159,ENST00000308868,hsa:3952,empty0,empty0
183,ENH00161,motilin,[],['P12872'],P12872,ENST00000266003,hsa:4295,empty0,empty0
184,ENH00163,secretin,[],['P09683'],P09683,ENST00000176195,hsa:6343,empty0,empty0
185,ENH00164,NPY,[],['P01303'],P01303,ENST00000407573,hsa:4852,empty0,empty0
186,ENH00165,interleukin 6,[],[],P05231,ENST00000404625,hsa:3569,empty0,empty0
187,ENH00166,serotonin,['C00780'],[],empty0,empty0,C00780,empty0,empty0
188,ENH00167,melanotropin beta,[],[],P01189,ENST00000405623,hsa:5443,empty0,empty0
189,ENH00168,melanotropin gamma,[],[],P01189,ENST00000405623,hsa:5443,empty0,empty0
190,ENH00174,cholecystokinin 58,[],[],P06307,ENST00000434608,hsa:885,empty0,empty0
191,ENH00175,cholecystokinin 39,[],[],P06307,ENST00000434608,hsa:885,empty0,empty0
192,ENH00178,cholecystokinin 8,[],[],P06307,ENST00000434608,hsa:885,empty0,empty0
193,ENH00179,CCL21,['6366'],[],O00585,ENST00000259607,hsa:6366,empty0,empty0
194,ENH00180,activin A,[],[],empty0,empty0,empty0,empty0,empty0
195,ENH00181,galanin,[],[],P22466,ENST00000265643,hsa:51083,empty0,empty0
196,ENH00182,pituitary adenylate cyclase-activating polypeptide,[],[],P18509,ENST00000450565,hsa:116,empty0,empty0
197,ENH00185,LIF,[],['P15018'],P15018,ENST00000249075,hsa:3976,empty0,empty0
198,ENH00186,RELMbeta,[],[],Q9BQ08,ENST00000295755,hsa:84666,empty0,empty0
199,ENH00187,CSH2,[],[],P01243,ENST00000453363,hsa:1443,empty0,empty0
200,ENH00189,IL-1 alpha,[],[],P01583,ENST00000409071,hsa:3552,empty0,empty0
201,ENH00191,IGFBP-2,[],['P18065'],P18065,ENSG00000115457,hsa:3485,empty0,empty0
202,ENH00192,IGFBP-3,[],['P17936'],P17936,ENSG00000146674,hsa:3486,empty0,empty0
203,ENH00193,IGFBP-4,[],['P22692'],P22692,ENSG00000141753,hsa:3487,empty0,empty0
204,ENH00194,IGFBP-5,[],['P24593'],P24593,ENSG00000115461,hsa:3488,empty0,empty0
205,ENH00195,IGFBP-6,[],['P24592'],P24592,ENSG00000167779,hsa:3489,empty0,empty0
206,ENH00197,urocortin,[],[],P55089,ENST00000296099,hsa:7349,empty0,empty0
207,ENH00198,urocortin 2,[],['Q96RP3'],Q96RP3,ENST00000273610,hsa:90226,empty0,empty0
208,ENH00199,urocortin-3,[],[],Q969E3,ENST00000380433,hsa:114131,empty0,empty0
209,ENH00200,TNF-alpha,[],['P01375'],P01375,ENST00000451263,hsa:7124,empty0,empty0
210,ENH00201,visfatin,[],[],P43490,ENST00000441045,hsa:10135,empty0,empty0
211,ENH00202,SAA3,[],['P22614'],P22614,ENST00000278207,empty0,empty0,empty0
212,ENH00203,PAI-1,[],[],P05121,ENST00000445463,hsa:5054,empty0,empty0
213,ENH00204,collagen VI alpha 3,[],[],P12111,ENST00000295550,hsa:1293,empty0,empty0
214,ENH00205,SAA,[],['P02735'],P02735,ENST00000405158,hsa:6289,empty0,empty0
215,ENH00206,pentraxin 3,[],[],P26022,ENST00000295927,hsa:5806,empty0,empty0
216,ENH00207,haptoglobin,[],"['P00738', 'P00738']",P00738,ENST00000355906,hsa:3240,empty0,empty0
217,ENH00208,lipocalin 2,[],[],P80188,ENST00000373017,hsa:3934,empty0,empty0
218,ENH00211,calcidiol,[],[],empty0,empty0,empty0,LMST03020246,VVD0273
219,ENH00212,TGF-beta 1,[],[],P01137,ENST00000221930,empty0,empty0,empty0
220,ENH00213,TGF-beta 2,[],[],P08112,ENST00000366930,hsa:7042,empty0,empty0
221,ENH00214,deoxycorticosterone,[],[],empty0,empty0,C03205,LMST02030087,SST0186
222,ENH00215,alpha-AGP,[],['P02763'],P02763,ENST00000259396,hsa:5004,empty0,empty0
223,ENH00217,CRP,[],['P02741'],P02741,ENST00000255030,hsa:1401,empty0,empty0
224,ENH00218,IL-1 beta,[],[],P01584,ENST00000263341,hsa:3553,empty0,empty0
225,ENH00219,histamine,[],[],empty0,empty0,empty0,empty0,empty0
226,ENH00220,thrombopoietin,[],[],P40225,ENST00000445696,hsa:7066,empty0,empty0
227,ENH00221,G-CSF,[],['P09919-1'],P09919,ENST00000225474,hsa:1440,empty0,empty0
228,ENH00222,PTHLH,[],[],P12272,ENST00000395872,hsa:5744,empty0,empty0
229,ENH00223,TGF-beta 3,[],[],P10600,ENST00000238682,hsa:7043,empty0,empty0
230,ENH00224,TGF-beta 4,[],[],O00292,ENST00000366820,hsa:7044,empty0,empty0
231,ENH00225,NGF,[],['P01138'],P01138,ENST00000369512,hsa:4803,empty0,empty0
232,ENH00226,acetylcholine,[],[],empty0,empty0,C01996,empty0,empty0
233,ENH00227,FGF-23,[],[],Q9GZV9,ENST00000237837,hsa:8074,empty0,empty0
234,ENH00228,CGRP1,[],['P06881-1'],P06881,ENST00000486207,empty0,empty0,empty0
235,ENH00229,neurotrophin 3,[],[],P20783,ENST00000423158,hsa:4908,empty0,empty0
236,ENH00230,HIF1,['hsa:3091'],['Q16665'],Q16665,ENST00000337138,hsa:3091,empty0,empty0
237,ENH00231,VEGF-165,[],['P15692-4'],P15692-4,ENST00000372055,hsa:7422,empty0,empty0
238,ENH00232,adipsin,[],['P00746'],P00746,ENST00000327726,hsa:1675,empty0,empty0
239,ENH00233,complement C3,[],"['P01024', 'P01024']",P01024,ENST00000245907,hsa:718,empty0,empty0
240,ENH00235,IL-8,[],[],P10145,ENST00000307407,hsa:3576,empty0,empty0
241,ENH00237,IL-10,[],['P22301'],P22301,ENST00000423557,hsa:3586,empty0,empty0
242,ENH00238,RBP4,[],[],P02753,ENST00000371467,hsa:5950,empty0,empty0
243,ENH00239,cholesteryl ester transfer protein,[],[],Q53YZ1,ENST00000200676,hsa:1071,empty0,empty0
244,ENH00240,metallothionein,[],[],P04731,ENST00000443255,hsa:4489,empty0,empty0
245,ENH00241,metallothionein 2A,[],[],P02795,ENST00000245185,hsa:4502,empty0,empty0
246,ENH00242,tissue factor,[],[],P13726,ENST00000334047,hsa:2152,empty0,empty0
247,ENH00243,NRG-1,[],['Q02297-1'],Q02297,ENST00000287840,hsa:3084,empty0,empty0
248,ENH00244,oncostatin M,[],[],P13725,ENST00000215781,hsa:5008,empty0,empty0
249,ENH00245,HGF,[],[],P14210,ENST00000222390,hsa:3082,empty0,empty0
250,ENH00246,GABA,[],[],empty0,empty0,empty0,empty0,empty0
251,ENH00247,adenosine,['C00212'],[],empty0,empty0,C00212,empty0,empty0
252,ENH00248,TNF-beta,[],[],P01374,ENST00000454783,hsa:4049,empty0,empty0
253,ENH00249,CNTF,[],[],P26441,ENST00000361987,hsa:1270,empty0,empty0
254,ENH00250,cardiotrophin 1,[],['Q16619'],Q16619,ENST00000279804,hsa:1489,empty0,empty0
255,ENH00251,IL-11,[],[],P20809,ENST00000264563,hsa:3589,empty0,empty0
256,ENH00252,IL-4,[],['P05112'],P05112,ENST00000231449,hsa:3565,empty0,empty0
257,ENH00253,IL-13,[],[],P35225,ENST00000304506,hsa:3596,empty0,empty0
258,ENH00254,IL-12A,[],[],P29459,ENST00000305579,hsa:3592,empty0,empty0
259,ENH00255,IL-12B,[],[],P29460,ENST00000231228,hsa:3593,empty0,empty0
260,ENH00256,C-C motif chemokine 2,[],[],P13500,ENST00000225831,hsa:6347,empty0,empty0
261,ENH00257,PDGFA,[],[],P04085,ENST00000354513,hsa:5154,empty0,empty0
262,ENH00258,PDGFB,[],[],P01127,ENST00000396740,hsa:5155,empty0,empty0
263,ENH00259,IL-12,[],"['P29459', 'P29460']",empty0,empty0,empty0,empty0,empty0
264,ENH00260,TNF-C,[],[],Q06643,ENST00000457552,hsa:4050,empty0,empty0
265,ENH00261,IFN-alpha,[],[],P01562,ENST00000276927,hsa:3447,empty0,empty0
266,ENH00263,IFN-beta,[],[],P01574,ENST00000380232,hsa:3456,empty0,empty0
267,ENH00265,IFN-gamma,[],[],P01579,ENST00000229135,hsa:3458,empty0,empty0
268,ENH00266,GM-CSF,[],[],P04141,ENST00000296871,hsa:1437,empty0,empty0
269,ENH00267,brain-derived neurotrophic factor,[],[],P23560,ENST00000439476,hsa:627,empty0,empty0
270,ENH00268,neurotrophin-4,[],[],P34130,ENST00000301411,hsa:4909,empty0,empty0
271,ENH00269,VEGFC,[],[],P49767,ENST00000280193,hsa:7424,empty0,empty0
272,ENH00270,PDGF,[],"['P01127', 'P04085']",empty0,empty0,empty0,empty0,empty0
273,ENH00271,ICAM-1,[],[],P05362,ENST00000264832,hsa:3383,empty0,empty0
274,ENH00272,PlGF-3,[],['P49763-1'],P49763,ENST00000405431,hsa:5228,empty0,empty0
275,ENH00273,IL-18,[],[],Q14116,ENST00000280357,hsa:3606,empty0,empty0
276,ENH00274,PlGF-2,[],[],P49763-3,ENST00000405431,hsa:5228,empty0,empty0
277,ENH00276,RANTES,[],[],P13501,ENST00000366113,hsa:6352,empty0,empty0
278,ENH00277,ENA-78,[],[],P42830,ENST00000296027,hsa:6374,empty0,empty0
279,ENH00279,GROalpha,[],[],P09341,ENST00000395761,hsa:2919,empty0,empty0
280,ENH00280,PlGF-1,[],[],P49763-2,ENST00000405431,hsa:5228,empty0,empty0
281,ENH00281,MSP,[],[],P26927,ENST00000383728,hsa:4485,empty0,empty0
282,ENH00282,GRObeta,[],[],P19875,ENST00000264492,hsa:2920,empty0,empty0
283,ENH00283,GAS-6,[],[],Q14393,ENST00000357389,hsa:2621,empty0,empty0
284,ENH00284,ANG-1,[],[],Q15389,ENST00000297450,hsa:284,empty0,empty0
285,ENH00285,ANG-2,[],[],O15123,ENST00000325203,hsa:285,empty0,empty0
286,ENH00286,GROgamma,[],[],P19876,ENST00000296026,hsa:2921,empty0,empty0
287,ENH00287,VCAM1 soluble form,[],[],P19320,ENST00000294728,hsa:7412,empty0,empty0
288,ENH00288,IL-7,[],[],P13232,ENST00000263851,hsa:3574,empty0,empty0
289,ENH00289,ANG-4,[],[],Q9Y264,ENST00000381922,hsa:51378,empty0,empty0
290,ENH00290,TFF1,[],[],P04155,ENST00000291527,hsa:7031,empty0,empty0
291,ENH00291,lymphotactin,[],[],P47992,ENST00000367818,hsa:6375,empty0,empty0
292,ENH00292,TFF2,[],[],Q03403,ENST00000291526,hsa:7032,empty0,empty0
293,ENH00293,TFF3,[],[],Q07654,ENST00000414929,hsa:7033,empty0,empty0
294,ENH00294,FGF-3,[],[],P11487,ENST00000334134,hsa:2248,empty0,empty0
295,ENH00295,FGF-5,[],[],P12034,ENST00000312465,hsa:2250,empty0,empty0
296,ENH00296,FGF-6,[],[],P10767,ENST00000228837,hsa:2251,empty0,empty0
297,ENH00297,FGF-7,[],[],P21781,ENST00000267843,hsa:2252,empty0,empty0
298,ENH00298,FGF-8,[],[],P55075,ENST00000344255,hsa:2253,empty0,empty0
299,ENH00299,FGF-9,[],[],P31371,ENST00000382353,hsa:2254,empty0,empty0
300,ENH00301,FGF-12,[],[],P61328,ENST00000454309,hsa:2257,empty0,empty0
301,ENH00304,FGF-19,[],[],O95750,ENST00000294312,hsa:9965,empty0,empty0
302,ENH00305,FGF-21,[],[],Q9NSA1,ENST00000222157,hsa:26291,empty0,empty0
303,ENH00306,M-CSF,[],['P09603'],P09603,ENST00000369802,hsa:1435,empty0,empty0
304,ENH00307,SCF,[],['P21583'],P21583,ENST00000347404,hsa:4254,empty0,empty0
305,ENH00308,MK,[],['P21741'],P21741,ENST00000407067,hsa:4192,empty0,empty0
306,ENH00309,PTN,[],['P21246'],P21246,ENST00000348225,hsa:5764,empty0,empty0
307,ENH00310,IL-22,[],['Q9GZX6'],Q9GZX6,ENST00000328087,hsa:50616,empty0,empty0
308,ENH00311,IL-17E,[],[],Q9H293,ENST00000329715,hsa:64806,empty0,empty0
309,ENH00313,IL-16,[],[],Q14005,ENST00000394656,hsa:3603,empty0,empty0
310,ENH00314,TGF-alpha,[],['P01135'],P01135,ENST00000295400,hsa:7039,empty0,empty0
311,ENH00315,amphiregulin,[],['P15514'],P15514,ENST00000395748,hsa:727738,empty0,empty0
312,ENH00316,EPR,[],[],O14944,ENST00000244869,hsa:2069,empty0,empty0
313,ENH00317,HB-EGF,[],['Q99075'],Q99075,ENST00000230990,hsa:1839,empty0,empty0
314,ENH00318,NRG1-beta1,[],[],Q02297-6,ENST00000287840,hsa:3084,empty0,empty0
315,ENH00319,neuregulin-2,[],[],O14511,ENST00000361474,hsa:9542,empty0,empty0
316,ENH00320,CLC,[],[],Q9UBD9,ENST00000312438,empty0,empty0,empty0
317,ENH00321,IL-15,[],[],P40933,ENST00000320650,hsa:3600,empty0,empty0
318,ENH00322,PDGFC,[],[],Q9NRA1,ENST00000274071,hsa:56034,empty0,empty0
319,ENH00324,PDGFD,[],[],Q9GZP0,ENST00000393158,hsa:80310,empty0,empty0
320,ENH00325,IL-2,[],[],P60568,ENST00000226730,hsa:3558,empty0,empty0
321,ENH00326,IL-3,[],[],P08700,ENST00000296870,hsa:3562,empty0,empty0
322,ENH00327,IL-5,[],[],P05113,ENST00000231454,hsa:3567,empty0,empty0
323,ENH00328,IL-9,[],[],P15248,ENST00000274520,hsa:3578,empty0,empty0
324,ENH00329,IP-10,[],[],P02778,ENST00000306602,hsa:3627,empty0,empty0
325,ENH00331,CXCL11,[],[],O14625,ENST00000306621,hsa:6373,empty0,empty0
326,ENH00332,inhibin A,[],"['P05111', 'P08476']",empty0,empty0,empty0,empty0,empty0
327,ENH00333,MCP-2,[],[],P80075,ENST00000394620,hsa:6355,empty0,empty0
328,ENH00334,MCP-3,[],[],P80098,ENST00000378569,hsa:6354,empty0,empty0
329,ENH00335,MDC,[],[],O00626,ENST00000219235,hsa:6367,empty0,empty0
330,ENH00336,Emap2,[],[],Q12904,ENST00000442366,hsa:9255,empty0,empty0
331,ENH00337,TXA2,[],[],empty0,empty0,empty0,LMFA03030001,XPR2001
332,ENH00338,PGE2,[],[],empty0,empty0,C00584,LMFA03010003,XPR1401
333,ENH00341,15d-PGJ2,[],[],empty0,empty0,empty0,LMFA03010021,XPR1766
334,ENH00346,PGI2,[],[],empty0,empty0,C01312,LMFA03010087,XPR1801
335,ENH00347,MIG,[],[],Q07325,ENST00000264888,hsa:4283,empty0,empty0
336,ENH00348,MIP-1 alpha,[],[],P10147,ENST00000225245,hsa:6348,empty0,empty0
337,ENH00349,MIP-1 beta,[],[],P13236,ENST00000250151,hsa:9560,empty0,empty0
338,ENH00350,MIP-3 beta,[],[],Q99731,ENST00000311925,hsa:6363,empty0,empty0
339,ENH00353,IL-14,[],[],empty0,empty0,empty0,empty0,empty0
340,ENH00354,IL-17A,[],[],Q16552,ENST00000340057,hsa:3605,empty0,empty0
341,ENH00355,abeta40,[],[],P05067,ENST00000346798,hsa:351,empty0,empty0
342,ENH00356,abeta42,[],[],P05067,ENST00000346798,hsa:351,empty0,empty0
343,ENH00357,CD40-L,[],[],P29965,ENST00000370629,hsa:959,empty0,empty0
344,ENH00358,inhibin alpha,[],[],P05111,ENST00000243786,hsa:3623,empty0,empty0
345,ENH00359,activin B,[],['P09529'],empty0,empty0,empty0,empty0,empty0
346,ENH00360,activin AB,[],"['P09529', 'P08476']",empty0,empty0,empty0,empty0,empty0
347,ENH00361,hepcidin,[],"['P81172', 'P81172']",P81172,ENST00000222304,hsa:57817,empty0,empty0
348,ENH00362,GCP-2,[],[],P80162,ENST00000226317,hsa:6372,empty0,empty0
349,ENH00363,NAP-2,[],"['P02775', 'P02775', 'P02775', 'P02775', 'P02775']",P02775,ENST00000296028,hsa:5473,empty0,empty0
350,ENH00364,SDF-1alpha,[],['P48061-2'],P48061,ENST00000374429,hsa:6387,empty0,empty0
351,ENH00365,BMP5,[],[],P22003,ENST00000370830,hsa:653,empty0,empty0
352,ENH00366,BMP2,[],[],P12643,ENST00000378827,hsa:650,empty0,empty0
353,ENH00367,BMP4,[],[],P12644,ENST00000417573,hsa:652,empty0,empty0
354,ENH00368,BMP6,[],[],P22004,ENST00000283147,hsa:654,empty0,empty0
355,ENH00369,BMP7,[],[],P18075,ENST00000395863,hsa:655,empty0,empty0
356,ENH00371,GDF5,[],[],P43026,ENST00000374372,hsa:8200,empty0,empty0
357,ENH00373,GDF-6,[],[],Q6KF10,ENST00000287020,hsa:392255,empty0,empty0
358,ENH00374,AMH,[],[],P03971,ENST00000221496,empty0,empty0,empty0
359,ENH00376,GDNF,[],[],P39905,ENST00000427982,hsa:2668,empty0,empty0
360,ENH00377,neurturin,[],[],Q99748,ENST00000303212,hsa:4902,empty0,empty0
361,ENH00378,ART,[],[],O96030,ENST00000372359,hsa:9048,empty0,empty0
362,ENH00379,persephin,[],['O60542'],O60542,ENST00000245810,hsa:5623,empty0,empty0
363,ENH00382,IL-1RA,[],['P18510-1'],P18510,ENST00000409930,hsa:3557,empty0,empty0
364,ENH00383,BMP-3,[],[],P12645,ENST00000282701,hsa:651,empty0,empty0
365,ENH00384,IL-1F5,[],[],Q9UBH0,ENST00000393200,hsa:26525,empty0,empty0
366,ENH00386,IL-1F7,[],[],Q9NZH6,ENST00000263326,hsa:27178,empty0,empty0
367,ENH00387,IL-1F8,[],['Q9NZH7-1'],Q9NZH7,ENST00000259213,hsa:27177,empty0,empty0
368,ENH00388,GAS-2,[],[],O43903,ENST00000454584,hsa:2620,empty0,empty0
369,ENH00389,IL-21,[],[],Q9HBE4,ENST00000264497,hsa:59067,empty0,empty0
370,ENH00390,BCA-1,[],[],O43927,ENST00000286758,hsa:10563,empty0,empty0
371,ENH00391,PF-4,[],[],P02776,ENST00000296029,hsa:5196,empty0,empty0
372,ENH00393,MIP-1 delta,[],[],Q16663,ENST00000394508,hsa:6359,empty0,empty0
373,ENH00394,MIP-3 alpha,[],[],P78556,ENST00000358813,hsa:6364,empty0,empty0
374,ENH00395,eotaxin,[],[],P51671,ENST00000305869,hsa:6356,empty0,empty0
375,ENH00396,eotaxin-2,[],[],O00175,ENST00000416943,hsa:6369,empty0,empty0
376,ENH00397,eotaxin-3,[],[],Q9Y258,ENST00000394905,hsa:10344,empty0,empty0
377,ENH00398,HCC-1,[],[],Q16627,ENST00000394509,hsa:6358,empty0,empty0
378,ENH00399,TARC,[],[],Q92583,ENST00000454860,hsa:6361,empty0,empty0
379,ENH00400,MCP-4,[],[],Q99616,ENST00000225844,hsa:6357,empty0,empty0
380,ENH00401,MPIF-1,[],[],P55773,ENST00000293280,hsa:6368,empty0,empty0
381,ENH00402,CCL1,[],[],P22362,ENST00000225842,hsa:6346,empty0,empty0
382,ENH00403,TECK,[],[],O15444-1,ENST00000405803,hsa:6370,empty0,empty0
383,ENH00404,TECKvar,[],['O15444-2'],O15444-2,ENST00000405803,hsa:6370,empty0,empty0
384,ENH00405,CCL27,[],[],Q9Y4X3,ENST00000259631,hsa:10850,empty0,empty0
385,ENH00406,PARC,[],[],P55774,ENST00000004921,hsa:6362,empty0,empty0
386,ENH00407,HCC-4,[],[],O15467,ENST00000293275,hsa:6360,empty0,empty0
387,ENH00408,CCL28,[],[],Q9NRJ3,ENST00000361115,hsa:56477,empty0,empty0
388,ENH00409,RANKL,[],[],O14788,ENST00000239849,hsa:8600,empty0,empty0
389,ENH00410,angiopoietin-like protein 4,[],[],Q9BY76,ENST00000301455,hsa:51129,empty0,empty0
390,ENH00414,POMC,[],[],P01189,ENST00000405623,hsa:5443,empty0,empty0
391,ENH00415,angiotensin IV,[],[],empty0,empty0,empty0,empty0,empty0
392,ENH00416,lipoprotein lipase,[],[],P06858,ENST00000311322,hsa:4023,empty0,empty0
393,ENH00417,APOE,[],[],P02649,ENST00000446996,hsa:348,empty0,empty0
394,ENH00422,cathepsin D,[],[],P07339,ENST00000407742,hsa:1509,empty0,empty0
395,ENH00428,cathepsin L,[],[],P07711,ENST00000343150,hsa:1514,empty0,empty0
396,ENH00435,osteonectin,[],['P09486'],P09486,ENST00000231061,hsa:6678,empty0,empty0
397,ENH00437,BMP9,[],[],Q9UK05,ENST00000249598,hsa:2658,empty0,empty0
398,ENH00438,NOS,[],[],empty0,empty0,empty0,empty0,empty0
399,ENH00439,NO,[],[],empty0,empty0,C00533,empty0,empty0
400,ENH00440,endothelin-1,[],[],P05305,ENST00000379375,hsa:1906,empty0,empty0
401,ENH00442,betacellulin,[],[],P35070,ENST00000395743,hsa:685,empty0,empty0
402,ENH00443,NRG-3,[],[],P56975,ENST00000404547,hsa:10718,empty0,empty0
403,ENH00444,NRG-4,[],[],Q8WWG1,ENST00000394907,hsa:145957,empty0,empty0
404,ENH00445,metallothionein 3,[],[],P25713,ENST00000200691,hsa:4504,empty0,empty0
405,ENH00446,fibrinogen,[],[],P02671,ENST00000302053,hsa:2243,empty0,empty0
406,ENH00449,estrogen,[],[],empty0,empty0,empty0,empty0,empty0
407,ENH00450,osteocalcin,[],['P02818'],P02818,ENST00000368272,hsa:632,empty0,empty0
408,ENH00451,vitronectin,[],"['P04004', 'P04004', 'P04004', 'P04004']",P04004,ENST00000226218,hsa:7448,empty0,empty0
409,ENH00453,osteopontin,[],"['P10451-1', 'P10451-2', 'P10451-3', 'P10451-4']",P10451,ENST00000395080,hsa:6696,empty0,empty0
410,ENH00454,fibronectin,[],"['P02751-2', 'P02751-1', 'P02751-3', 'P02751-4', 'P02751-5', 'P02751-6', 'P02751-7', 'P02751-8', 'P02751-9', 'P02751-10', 'P02751-11', 'P02751-12']",P02751,ENST00000359671,hsa:2335,empty0,empty0
411,ENH00455,chondromodulin 1,[],"['O75829', 'O75829']",O75829,ENST00000377962,hsa:11061,empty0,empty0
412,ENH00456,chondromodulin 2,[],['O14960'],O14960,ENST00000274507,hsa:3950,empty0,empty0
413,ENH00457,fibromodulin,[],['Q06828'],Q06828,ENST00000354955,hsa:2331,empty0,empty0
414,ENH00458,decorin,[],"['P07585-2', 'P07585-3', 'P07585-4', 'P07585-5', 'P07585-1']",P07585,ENST00000393155,hsa:1634,empty0,empty0
415,ENH00459,thrombospondin 1,[],['P07996'],P07996,ENST00000260356,hsa:7057,empty0,empty0
416,ENH00460,bone sialoprotein 2,[],['P21815'],P21815,ENST00000226284,hsa:3381,empty0,empty0
417,ENH00461,osteomodulin,[],['Q99983'],Q99983,ENST00000375550,hsa:4958,empty0,empty0
418,ENH00462,tenascin-C,[],"['P24821', 'P24821-2', 'P24821-3', 'P24821-4', 'P24821-5', 'P24821-6']",P24821,ENST00000350763,hsa:3371,empty0,empty0
419,ENH00463,atrial natriuretic factor,[],"['P01160', 'P01160']",P01160,ENST00000376480,hsa:4878,empty0,empty0
420,ENH00464,glicentin,[],[],P01275,ENST00000418842,hsa:2641,empty0,empty0
421,ENH00465,glicentin-related polypeptide,[],['P01275'],P01275,ENST00000418842,hsa:2641,empty0,empty0
422,ENH00466,oxyntomodulin,[],['P01275'],P01275,ENST00000418842,hsa:2641,empty0,empty0
423,ENH00467,GLP-2,[],['P01275'],P01275,ENST00000418842,hsa:2641,empty0,empty0
424,ENH00468,annexin A2,[],['P07355'],P07355,ENST00000451270,hsa:302,empty0,empty0
425,ENH00469,laminin gamma-2 chain,[],[],Q13753,ENST00000264144,hsa:3918,empty0,empty0
426,ENH00473,neuromedin N,[],[],P30990,ENST00000256010,hsa:4922,empty0,empty0
427,ENH00474,nociceptin,[],[],Q13519,ENST00000301908,hsa:5368,empty0,empty0
428,ENH00475,nocistatin,[],[],empty0,empty0,empty0,empty0,empty0
429,ENH00476,galectin-1,[],[],P09382,ENST00000215909,hsa:3956,empty0,empty0
430,ENH00477,Wnt-1,[],[],P04628,ENST00000293549,hsa:7471,empty0,empty0
431,ENH00478,Wnt-2,[],[],P09544,ENST00000265441,hsa:7472,empty0,empty0
432,ENH00479,Wnt-3,[],[],P56703,ENST00000225512,hsa:7473,empty0,empty0
433,ENH00480,WNT3A,[],['P56704'],P56704,ENST00000366753,hsa:89780,empty0,empty0
434,ENH00482,Wnt-4,[],[],P56705,ENST00000290167,hsa:54361,empty0,empty0
435,ENH00483,WNT5A,[],[],P41221,ENST00000474267,hsa:7474,empty0,empty0
436,ENH00486,WNT7A,[],[],O00755,ENST00000285018,hsa:7476,empty0,empty0
437,ENH00487,Wnt-7b,[],[],P56706,ENST00000339464,hsa:7477,empty0,empty0
438,ENH00490,WNT9A,[],[],O14904,ENST00000272164,hsa:7483,empty0,empty0
439,ENH00494,WNT10B,[],[],O00744,ENST00000301061,hsa:7480,empty0,empty0
440,ENH00496,neuromedin B,[],"['P08949', 'P08949']",P08949,ENST00000360476,hsa:4828,empty0,empty0
441,ENH00497,WIF-1,[],['Q9Y5W5'],Q9Y5W5,ENST00000286574,hsa:11197,empty0,empty0
442,ENH00498,Dkk1,[],[],O94907,ENST00000373970,hsa:22943,empty0,empty0
443,ENH00499,Dkk2,[],['Q9UBU2'],Q9UBU2,ENST00000285311,hsa:27123,empty0,empty0
444,ENH00500,SFRP1,[],['Q8N474'],Q8N474,ENST00000220772,hsa:6422,empty0,empty0
445,ENH00502,Dkk4,[],[],Q9UBT3,ENST00000220812,hsa:27121,empty0,empty0
446,ENH00503,sFRP-4,[],['Q6FHJ7'],Q6FHJ7,ENST00000436072,hsa:6424,empty0,empty0
447,ENH00504,sFRP-2,[],[],Q96HF1,ENST00000274063,hsa:6423,empty0,empty0
448,ENH00505,sFRP-3,[],['Q92765'],Q92765,ENST00000295113,hsa:2487,empty0,empty0
449,ENH00506,sFRP-5,[],['Q5T4F7'],Q5T4F7,ENST00000266066,hsa:6425,empty0,empty0
450,ENH00507,sclerostin,[],"['Q9BQB4-1', 'Q9BQB4-2']",Q9BQB4,ENST00000301691,hsa:50964,empty0,empty0
451,ENH00508,noggin,[],['Q13253'],Q13253,ENST00000332822,hsa:9241,empty0,empty0
452,ENH00509,chordin,[],"['Q9H2X0-1', 'Q9H2X0-2', 'Q9H2X0-3', 'Q9H2X0-4', 'Q9H2X0-5']",Q9H2X0,ENST00000204604,hsa:8646,empty0,empty0
453,ENH00510,twisted gastrulation,[],['Q9GZX9'],Q9GZX9,ENST00000262120,hsa:57045,empty0,empty0
454,ENH00511,gremlin-1,[],[],O60565,ENST00000300177,hsa:26585,empty0,empty0
455,ENH00512,gremlin-2,[],[],Q9H772,ENST00000318160,hsa:64388,empty0,empty0
456,ENH00514,VEGFB,[],['P49765-1'],P49765,ENST00000309422,hsa:7423,empty0,empty0
457,ENH00516,VEGFD,[],[],O43915,ENST00000297904,hsa:2277,empty0,empty0
458,ENH00518,crossveinless-2,[],['Q8N8U9'],Q8N8U9,ENST00000426693,hsa:168667,empty0,empty0
459,ENH00519,laminin alpha-1 chain,[],['P25391'],P25391,ENST00000389658,hsa:284217,empty0,empty0
460,ENH00520,laminin alpha-2 chain,[],[],P24043,ENST00000421865,hsa:3908,empty0,empty0
461,ENH00521,laminin alpha-4 chain,[],['Q16363'],Q16363,ENST00000230538,hsa:3910,empty0,empty0
462,ENH00522,laminin alpha-5 chain,[],[],O15230,ENST00000252999,hsa:3911,empty0,empty0
463,ENH00524,laminin subunit beta-2,[],['P55268'],P55268,ENST00000418109,hsa:3913,empty0,empty0
464,ENH00525,laminin beta-3 chain,[],['Q13751'],Q13751,ENST00000391911,hsa:3914,empty0,empty0
465,ENH00526,laminin subunit gamma-1,[],['P11047'],P11047,ENST00000258341,hsa:3915,empty0,empty0
466,ENH00527,laminin gamma-3 chain,[],['Q9Y6N6'],Q9Y6N6,ENST00000355048,hsa:10319,empty0,empty0
467,ENH00528,norrin,[],['Q00604'],Q00604,ENST00000378062,hsa:4693,empty0,empty0
468,ENH00529,DHH,[],[],O43323,ENST00000266991,hsa:50846,empty0,empty0
469,ENH00530,SHH,[],[],Q15465,ENST00000297261,hsa:6469,empty0,empty0
470,ENH00531,IHH,[],[],Q14623,ENST00000295731,hsa:3549,empty0,empty0
471,ENH00534,sNRP1,[],['O14786-2'],O14786,ENST00000374867,hsa:8829,empty0,empty0
472,ENH00535,semaphorin 3A,[],['Q14563'],Q14563,ENST00000436949,hsa:10371,empty0,empty0
473,ENH00536,Wnt-8,[],[],empty0,empty0,empty0,empty0,empty0
474,ENH00539,PYY (1-36),[],[],P10082,ENST00000360085,hsa:5697,empty0,empty0
475,ENH00540,PYY(3-36),[],[],P10082,ENST00000360085,hsa:5697,empty0,empty0
476,ENH00541,TNFSF18,[],[],Q9UNG2,ENST00000404377,hsa:8995,empty0,empty0
477,ENH00542,APOA1,[],[],P02647,ENST00000375329,hsa:335,empty0,empty0
478,ENH00543,APOA1(1-242),[],[],P02647,ENST00000375323,hsa:335,empty0,empty0
479,ENH00545,apolipoprotein A-II,[],[],P02652,ENST00000367990,hsa:336,empty0,empty0
480,ENH00546,APOA4,[],[],P06727,ENST00000357780,empty0,empty0,empty0
481,ENH00547,APOA5,[],[],Q6Q788,ENST00000227665,hsa:116519,empty0,empty0
482,ENH00548,apo B-100,[],[],P04114,ENST00000233242,hsa:338,empty0,empty0
483,ENH00549,apo B-48,[],[],P04114,ENST00000233242,hsa:338,empty0,empty0
484,ENH00550,APOC1,[],[],P02654,ENST00000252491,hsa:341,empty0,empty0
485,ENH00551,TNFSF10,[],[],P50591,ENST00000241261,hsa:8743,empty0,empty0
486,ENH00552,TNFSF12,[],[],O43508,ENST00000293825,hsa:8742,empty0,empty0
487,ENH00553,APOC2,[],[],P02655,ENST00000419266,hsa:344,empty0,empty0
488,ENH00554,APOC3,[],[],P02656,ENST00000375345,hsa:345,empty0,empty0
489,ENH00556,APOD,[],[],P05090,ENST00000343267,hsa:347,empty0,empty0
490,ENH00559,semaphorin 3B,[],['Q13214'],Q13214,ENST00000414456,hsa:7869,empty0,empty0
491,ENH00560,semaphorin 3F,[],['Q13275'],Q13275,ENST00000002829,hsa:6405,empty0,empty0
492,ENH00561,semaphorin 3C,[],['Q99985'],Q99985,ENST00000419255,hsa:10512,empty0,empty0
493,ENH00563,semaphorin 3D,[],['O95025'],O95025,ENST00000284136,hsa:223117,empty0,empty0
494,ENH00564,semaphorin 3E,[],['O15041'],O15041,ENST00000307792,hsa:9723,empty0,empty0
495,ENH00565,SAA1,[],[],empty0,empty0,empty0,empty0,empty0
496,ENH00566,APRIL,[],[],O75888,ENST00000338784,hsa:8741,empty0,empty0
497,ENH00567,4-1BBL,[],[],P41273,ENST00000245817,hsa:8744,empty0,empty0
498,ENH00568,BAFF,[],['Q9Y275'],Q9Y275,ENST00000375887,hsa:10673,empty0,empty0
499,ENH00570,WISP-2,[],['O76076'],O76076,ENST00000372868,hsa:8839,empty0,empty0
500,ENH00573,WISP1,[],"['O95388-1', 'O95388-2']",O95388,ENST00000250160,hsa:8840,empty0,empty0
501,ENH00574,WISP3,[],['O95389'],O95389,ENST00000368666,hsa:8838,empty0,empty0
502,ENH00575,NOV,[],[],P48745,ENST00000259526,hsa:4856,empty0,empty0
503,ENH00576,CTGF,[],"['P29279-1', 'P29279-2']",P29279,ENST00000367976,hsa:1490,empty0,empty0
504,ENH00577,defensin alpha 1,[],['P59665'],P59665alp,empty0,empty0,empty0,empty0
505,ENH00578,fractalkine,[],[],P78423,ENST00000006053,hsa:6376,empty0,empty0
506,ENH00579,GDF-8,[],['O14793'],O14793,ENST00000260950,hsa:2660,empty0,empty0
507,ENH00580,SEMA4D,['hsa:10507'],['Q92854-1'],Q92854,ENST00000450295,hsa:10507,empty0,empty0
508,ENH00581,CXCL16,[],[],Q9H2A7,ENST00000401799,hsa:58191,empty0,empty0
509,ENH00582,CYR61,[],['O00622'],O00622,ENSG00000142871,hsa:3491,empty0,empty0
510,ENH00583,fas Ligand,[],[],empty0,empty0,empty0,empty0,empty0
511,ENH00584,IL-17B,[],[],Q9UHF5,ENST00000261796,hsa:27190,empty0,empty0
512,ENH00585,IL-17D,[],[],Q8TAD2,ENST00000304920,hsa:53342,empty0,empty0
513,ENH00586,LTB4,[],[],empty0,empty0,C02165,LMFA03020001,XPR3101
514,ENH00587,IL-17F,[],[],Q96PD4,ENST00000336123,hsa:112744,empty0,empty0
515,ENH00588,LTD4,[],[],empty0,empty0,C05951,LMFA03020006,XPR3301
516,ENH00589,LTC4,[],[],empty0,empty0,C02166,LMFA03020003,XPR3201
517,ENH00590,LTE4,[],[],empty0,empty0,C05952,LMFA03020002,XPR3401
518,ENH00591,QRFP,[],['P83859'],P83859,ENST00000343079,hsa:347148,empty0,empty0
519,ENH00592,NPS,[],[],P0C0P6,ENST00000398023,hsa:594857,empty0,empty0
520,ENH00594,NPFF,[],[],O15130,ENST00000267017,hsa:8620,empty0,empty0
521,ENH00595,NPAF,[],[],O15130,ENST00000267017,hsa:8620,empty0,empty0
522,ENH00596,RFRP-1,[],[],Q9HCQ7,ENST00000222674,hsa:64111,empty0,empty0
523,ENH00597,RFRP-2,[],[],Q9HCQ7,ENST00000222674,hsa:64111,empty0,empty0
524,ENH00598,RFRP-3,[],[],Q9HCQ7,ENST00000222674,hsa:64111,empty0,empty0
525,ENH00599,NPB23,[],[],Q8NG41,ENST00000333383,hsa:256933,empty0,empty0
526,ENH00600,NPB29,[],[],Q8NG41,ENST00000333383,hsa:256933,empty0,empty0
527,ENH00601,NPW23,[],[],Q8N729,ENST00000329610,hsa:283869,empty0,empty0
528,ENH00602,NPW30,[],['Q8N729'],Q8N729,ENST00000329610,hsa:283869,empty0,empty0
529,ENH00603,beta-neoendorphin,[],['P01213'],P01213,ENST00000217305,hsa:5173,empty0,empty0
530,ENH00604,dynorphin A,[],['P01213'],P01213,ENST00000217305,hsa:5173,empty0,empty0
531,ENH00605,leumorphin,[],['P01213'],P01213,ENST00000217305,hsa:5173,empty0,empty0
532,ENH00612,renin,[],['P00797-1'],P00797,ENST00000272190,hsa:5972,empty0,empty0
533,ENH00613,apelin-13,[],[],Q9ULZ1,ENST00000307484,hsa:8862,empty0,empty0
534,ENH00614,apelin-28,[],[],Q9ULZ1,ENST00000307484,hsa:8862,empty0,empty0
535,ENH00615,apelin-31,[],[],Q9ULZ1,ENST00000307484,hsa:8862,empty0,empty0
536,ENH00616,apelin-36,[],[],Q9ULZ1,ENST00000307484,hsa:8862,empty0,empty0
537,ENH00617,katacalcin,[],['P01258-1'],P01258,ENST00000396372,hsa:796,empty0,empty0
538,ENH00619,endothelin-2,[],[],P20800,ENST00000372587,hsa:1907,empty0,empty0
539,ENH00620,endothelin-3,[],[],P14138,ENST00000371028,hsa:1908,empty0,empty0
540,ENH00621,neurokinin A,[],['P20366-1'],P20366,ENST00000319273,hsa:6863,empty0,empty0
541,ENH00622,neuropeptide K,[],['P20366-1'],P20366,ENST00000319273,hsa:6863,empty0,empty0
542,ENH00623,neuromedin-K,[],['Q9UHF0-1'],Q9UHF0,ENST00000458521,hsa:6866,empty0,empty0
543,ENH00625,NmU-25,[],['P48645'],P48645,ENST00000264218,hsa:10874,empty0,empty0
544,ENH00626,neuromedin C,[],['P07492-1'],P07492,ENST00000256857,hsa:2922,empty0,empty0
545,ENH00628,C-type natriuretic peptide,[],[],P23582,ENST00000409852,hsa:4880,empty0,empty0
546,ENH00631,BNP-32,[],[],P16860,ENST00000376468,hsa:4879,empty0,empty0
547,ENH00633,TIMP-1,[],['P01033'],P01033,ENST00000218388,hsa:7076,empty0,empty0
548,ENH00636,TIMP-4,[],['Q99727'],Q99727,ENST00000287814,hsa:7079,empty0,empty0
549,ENH00637,stem cell growth factor,[],['Q9Y240'],Q9Y240,ENST00000250340,hsa:6320,empty0,empty0
550,ENH00638,follicular dendritic cell secreted peptide,[],['Q8NFU4'],Q8NFU4,ENST00000317987,hsa:260436,empty0,empty0
551,ENH00639,neudesin,[],['Q9UMX5'],Q9UMX5,ENST00000366988,hsa:29937,empty0,empty0
552,ENH00640,SLURP-1,[],['P55000'],P55000,ENST00000246515,hsa:57152,empty0,empty0
553,ENH00642,Spp-24,[],['Q13103'],Q13103,ENST00000373368,hsa:6694,empty0,empty0
554,ENH00643,SECTM1,[],['Q8WVN6'],Q8WVN6,ENST00000269389,hsa:6398,empty0,empty0
555,ENH00644,MSMB,[],[],P08118,ENST00000358559,hsa:4477,empty0,empty0
556,ENH00645,CLIP,[],[],P01189,ENST00000405623,hsa:5443,empty0,empty0
557,ENH00646,beta-endorphin,[],[],P01189,ENST00000405623,hsa:5443,empty0,empty0
558,ENH00647,urotensin-2,[],['O95399-1'],O95399,ENST00000361696,hsa:10911,empty0,empty0
559,ENH00648,urotensin-2B,[],[],Q765I0,ENST00000427544,hsa:257313,empty0,empty0
560,ENH00649,PGD2,[],[],empty0,empty0,C00696,LMFA03010004,XPR1301
561,ENH00650,PAF,[],[],empty0,empty0,empty0,empty0,empty0
562,ENH00651,FGF-10,[],[],O15520,ENST00000264664,hsa:2255,empty0,empty0
563,ENH00652,FGF-16,[],[],O43320,empty0,hsa:8823,empty0,empty0
564,ENH00653,FGF-17,[],['O60258-1'],O60258,ENST00000359441,hsa:8822,empty0,empty0
565,ENH00654,FGF-18,[],[],O76093,ENST00000274625,hsa:8817,empty0,empty0
566,ENH00655,FGF-20,[],[],Q9NP95,ENST00000180166,hsa:26281,empty0,empty0
567,ENH00656,FGF-22,[],['Q9HCT0'],Q9HCT0,ENST00000215530,hsa:27006,empty0,empty0
568,ENH00657,cholesterol,[],[],empty0,empty0,empty0,LMST01010001,SST9061
569,ENH00658,RELMalpha,[],[],empty0,empty0,empty0,empty0,empty0
570,ENH00660,AGR2,[],['O95994'],O95994,ENST00000419572,hsa:10551,empty0,empty0
571,ENH00661,ectodysplasin-A,[],['Q92838'],Q92838,ENST00000374553,hsa:1896,empty0,empty0
572,ENH00663,leukocystatin,[],['O76096'],O76096,ENST00000480798,hsa:8530,empty0,empty0
573,ENH00664,CST6,[],[],Q15828,ENST00000312134,hsa:1474,empty0,empty0
574,ENH00665,Cystatin-C,[],['P01034'],P01034,ENST00000398411,hsa:1471,empty0,empty0
575,ENH00666,CST8,[],['O60676'],O60676,ENST00000246012,hsa:10047,empty0,empty0
576,ENH00667,PECAM-1,[],['P16284-1'],P16284,empty0,hsa:5175,empty0,empty0
577,ENH00668,LFA-3,[],['P19256-1'],P19256,ENST00000457047,empty0,empty0,empty0
578,ENH00669,PD-L1,[],"['Q9NZQ7-1', 'Q9NZQ7']",Q9NZQ7,ENST00000381577,hsa:29126,empty0,empty0
579,ENH00670,PD-L2,[],['Q9BQ51-1'],Q9BQ51,ENST00000397747,hsa:80380,empty0,empty0
580,ENH00671,uteroglobin,[],['P11684'],P11684,ENST00000278282,hsa:7356,empty0,empty0
581,ENH00672,uteroglobin-related protein 2,[],['Q96QR1'],Q96QR1,ENST00000292641,hsa:92304,empty0,empty0
582,ENH00673,uteroglobin-related protein 1,[],['Q96PL1'],Q96PL1,ENST00000296694,hsa:117156,empty0,empty0
583,ENH00678,BMP-11,[],[],O95390,ENST00000257868,hsa:10220,empty0,empty0
584,ENH00679,BMP-15,[],[],O95972,ENST00000252677,hsa:9210,empty0,empty0
585,ENH00680,GDF-1,[],[],P27539,ENST00000247005,hsa:2657,empty0,empty0
586,ENH00681,GDF-3,[],[],Q9NR23,ENST00000329913,hsa:9573,empty0,empty0
587,ENH00683,NODAL,[],[],Q96S42,ENST00000287139,hsa:4838,empty0,empty0
588,ENH00684,dynorphin B,[],['P01213'],P01213,ENST00000217305,hsa:5173,empty0,empty0
589,ENH00685,big dynorphin,[],[],P01213,empty0,empty0,empty0,empty0
590,ENH00686,metastin,[],['Q15726'],Q15726,ENST00000306118,hsa:3814,empty0,empty0
591,ENH00687,kisspeptin-10,[],['Q15726'],Q15726,ENST00000306118,hsa:3814,empty0,empty0
592,ENH00688,chemerin,[],['Q99969'],Q99969,ENST00000482669,hsa:5919,empty0,empty0
593,ENH00689,SDF-1beta,[],['P48061-1'],P48061,ENST00000374429,hsa:6387,empty0,empty0
594,ENH00690,PGF2-alpha,[],[],empty0,empty0,C00639,LMFA03010002,XPR1501
595,ENH00691,TNFSF15,[],[],O95150,ENST00000374045,hsa:9966,empty0,empty0
596,ENH00694,EG-VEGF,[],[],P58294,ENST00000271331,hsa:84432,empty0,empty0
597,ENH00695,FLT3-Ligand,[],[],P49771,ENST00000204637,hsa:2323,empty0,empty0
598,ENH00696,GDF-9,[],[],O60383,ENST00000378673,hsa:2661,empty0,empty0
599,ENH00697,IL-29,[],[],Q8IU54,ENST00000333625,hsa:282618,empty0,empty0
600,ENH00698,IL-28A,[],[],Q8IZJ0,ENST00000331982,hsa:282616,empty0,empty0
601,ENH00699,IL-28B,[],[],Q8IZI9,ENST00000392072,hsa:282617,empty0,empty0
602,ENH00701,IL-19,[],[],Q9UHD0,ENST00000422924,hsa:29949,empty0,empty0
603,ENH00702,IL-20,[],[],Q9NYY1,ENST00000367098,hsa:50604,empty0,empty0
604,ENH00704,fetuin-A,[],"['P02765', 'P02765']",P02765,ENST00000411641,hsa:197,empty0,empty0
605,ENH00705,fetuin-B,[],['Q9UGM5'],Q9UGM5,ENST00000450521,hsa:26998,empty0,empty0
606,ENH00707,IL-32,[],[],P24001,ENST00000416912,hsa:9235,empty0,empty0
607,ENH00708,mucin-2,[],[],Q02817,ENST00000359061,hsa:4583,empty0,empty0
608,ENH00709,BD-2,[],[],O15263,ENST00000302247,hsa:1673,empty0,empty0
609,ENH00711,HBP,[],[],P20160,ENST00000233997,hsa:566,empty0,empty0
610,ENH00712,cathelicidin,[],[],P49913,ENST00000296435,hsa:820,empty0,empty0
611,ENH00713,BD-1,[],[],P60022,ENST00000297439,hsa:1672,empty0,empty0
612,ENH00714,BD-3,[],[],P81534,ENST00000318124,hsa:55894,empty0,empty0
613,ENH00716,neutrophil defensin 1,[],[],P59665,ENST00000382692,hsa:728358,empty0,empty0
614,ENH00717,neutrophil defensin 3,[],[],P59666,ENST00000327857,hsa:1668,empty0,empty0
615,ENH00718,neutrophil defensin 4,[],[],P12838,ENST00000297435,hsa:1669,empty0,empty0
616,ENH00721,defensin 5,[],[],Q01523,ENST00000330590,hsa:1670,empty0,empty0
617,ENH00722,defensin 6,[],[],Q01524,ENST00000297436,hsa:1671,empty0,empty0
618,ENH00723,BD-7,[],[],Q8IZN7,ENST00000355602,hsa:503614,empty0,empty0
619,ENH00724,BD-8,[],[],Q8NET1,ENST00000328698,hsa:245911,empty0,empty0
620,ENH00727,IL-23,[],"['P29460', 'Q9NPF7']",Q9NPF7,ENST00000228534,hsa:51561,empty0,empty0
621,ENH00728,PGE1,[],[],empty0,empty0,empty0,LMFA03010134,XPR1400
622,ENH00730,IgE,[],[],empty0,empty0,empty0,empty0,empty0
623,ENH00732,IgG,[],[],empty0,empty0,empty0,empty0,empty0
624,ENH00734,glutamate,[],[],empty0,empty0,C00302,empty0,empty0
625,ENH00736,intestinal peptide PHM-27,[],['P01282'],P01282,ENST00000367244,hsa:7432,empty0,empty0
626,ENH00737,cripto-1,[],['P13385'],P13385,ENST00000296145,hsa:6997,empty0,empty0
627,ENH00739,thymosin beta-4,[],[],P62328,ENST00000451311,hsa:7114,empty0,empty0
628,ENH00740,galectin-3,[],['P17931'],P17931,ENST00000254301,hsa:3958,empty0,empty0
629,ENH00741,galectin-7,[],['P47929'],P47929,ENST00000378626,hsa:653499,empty0,empty0
630,ENH00742,galectin-3-binding protein,[],['Q08380'],Q08380,ENST00000262776,hsa:3959,empty0,empty0
631,ENH00743,retinoic acid,[],[],empty0,empty0,empty0,empty0,empty0
632,ENH00748,galectin-8,[],[],O00214,ENST00000366584,hsa:3964,empty0,empty0
633,ENH00749,galectin-9,[],[],O00182,ENST00000448970,hsa:3965,empty0,empty0
634,ENH00750,galectin-13,[],['Q9UHV8'],Q9UHV8,ENST00000221797,hsa:29124,empty0,empty0
635,ENH00752,thymopoietin,[],[],P42166,ENST00000266732,empty0,empty0,empty0
636,ENH00756,angiogenin,[],['P03950'],P03950,ENST00000397990,hsa:283,empty0,empty0
637,ENH00758,VEGF-145,[],[],P15692-6,ENST00000372055,hsa:7422,empty0,empty0
638,ENH00759,VEGF-189,[],[],P15692-2,ENST00000372055,hsa:7422,empty0,empty0
639,ENH00760,VEGFE,[],[],empty0,empty0,empty0,empty0,empty0
640,ENH00761,VEGF-121,[],[],P15692-7,ENST00000372055,hsa:7422,empty0,empty0
641,ENH00762,VEGF-206,[],[],P15692-1,ENST00000372055,hsa:7422,empty0,empty0
642,ENH00763,VEGF-183,[],[],P15692-3,ENST00000372055,hsa:7422,empty0,empty0
643,ENH00764,soluble VEGFR-1,[],[],empty0,empty0,empty0,empty0,empty0
644,ENH00765,von Willebrand factor,[],['P04275'],P04275,ENST00000261405,hsa:7450,empty0,empty0
645,ENH00766,sVEGFR-2,[],[],empty0,empty0,empty0,empty0,empty0
646,ENH00767,endostatin,[],[],P39060,ENST00000359759,hsa:80781,empty0,empty0
647,ENH00768,pancreastatin,[],[],P10645,ENST00000216492,hsa:1113,empty0,empty0
648,ENH00771,chromogranin A,[],[],P10645,ENST00000216492,hsa:1113,empty0,empty0
649,ENH00773,secretogranin-2,[],[],P13521,ENST00000305409,hsa:7857,empty0,empty0
650,ENH00774,secretoneurin,[],[],P13521,ENST00000305409,hsa:7857,empty0,empty0
651,ENH00790,PSBG-5,[],[],Q15238,ENST00000407356,hsa:5673,empty0,empty0
652,ENH00795,perlecan,[],[],P98160,ENST00000374695,hsa:3339,empty0,empty0
653,ENH00799,kallikrein 10,[],['O43240'],O43240,ENST00000391805,hsa:5655,empty0,empty0
654,ENH00802,soluble mesothelin,[],[],empty0,empty0,empty0,empty0,empty0
655,ENH00804,prostasin,[],[],Q16651,ENST00000317508,hsa:5652,empty0,empty0
656,ENH00806,AMF,[],[],P06744,ENST00000356487,hsa:2821,empty0,empty0
657,ENH00807,free fatty acid,[],[],empty0,empty0,empty0,empty0,empty0
658,ENH00808,complement factor B,[],[],P00751,ENST00000455591,hsa:629,empty0,empty0
659,ENH00809,MIF,[],['P14174'],P14174,ENST00000215754,hsa:4282,empty0,empty0
660,ENH00812,apolipoprotein A-related gene C,[],[],Q16609,ENST00000447327,empty0,empty0,empty0
661,ENH00813,ventroptin,[],['Q9BU40'],Q9BU40,ENST00000394797,hsa:91851,empty0,empty0
662,ENH00815,DANTE,[],[],Q8N907,ENST00000317060,hsa:199699,empty0,empty0
663,ENH00820,CBG,[],[],P08185,ENST00000341584,hsa:866,empty0,empty0
664,ENH00821,chordin-like protein 2,[],['Q6WN34'],Q6WN34,ENST00000376332,hsa:25884,empty0,empty0
665,ENH00822,laminin-5,[],"['Q16787', 'Q13751', 'Q13753']",empty0,empty0,empty0,empty0,empty0
666,ENH00823,laminin-10,[],"['O15230', 'P07942', 'P11047']",empty0,empty0,empty0,empty0,empty0
667,ENH00824,laminin-11,[],"['O15230', 'P55268', 'P11047']",empty0,empty0,empty0,empty0,empty0
668,ENH00825,laminin-1,[],"['P25391', 'P07942', 'P11047']",empty0,empty0,empty0,empty0,empty0
669,ENH00826,laminin-2,[],"['P24043', 'P55268', 'P11047']",empty0,empty0,empty0,empty0,empty0
670,ENH00827,laminin-4,[],"['P24043', 'P55268', 'P11047']",empty0,empty0,empty0,empty0,empty0
671,ENH00832,laminin-8,[],"['Q16363', 'P07942', 'P11047']",empty0,empty0,empty0,empty0,empty0
672,ENH00836,chondroadherin,[],[],O15335,ENST00000258969,hsa:1101,empty0,empty0
673,ENH00838,tumstatin,[],[],Q9NYC4,ENST00000396578,hsa:1285,empty0,empty0
674,ENH00840,laminin-5B,[],[],empty0,empty0,empty0,empty0,empty0
675,ENH00841,netrin-1,[],['O95631'],O95631,ENST00000173229,hsa:9423,empty0,empty0
676,ENH00843,netrin-4,[],[],Q9HB63,ENST00000343702,hsa:59277,empty0,empty0
677,ENH00844,ephrin-A4 secreted isoform,[],['P52798-2'],P52798-2,ENST00000368409,hsa:1945,empty0,empty0
678,ENH00848,fibulin 1A,[],['P23142-2'],P23142-2,ENST00000327858,hsa:2192,empty0,empty0
679,ENH00849,fibulin 1B,[],['P23142-3'],P23142-3,ENST00000327858,hsa:2192,empty0,empty0
680,ENH00859,IGFBP-1 isoform a,[],[],P08833,ENSG00000146678,hsa:3484,empty0,empty0
681,ENH00861,neuregulin 1 isoform SMDF,[],[],Q15491-1,ENST00000287840,hsa:3084,empty0,empty0
682,ENH00862,neuregulin 1 isoform GGF2,[],[],Q02297-9,ENST00000287840,hsa:3084,empty0,empty0
683,ENH00864,NRG1-alpha2B,[],[],Q02297-3,ENST00000287840,hsa:3084,empty0,empty0
684,ENH00867,NRG1-beta3,[],[],Q02297-8,ENST00000287840,hsa:3084,empty0,empty0
685,ENH00868,ECM1a,[],[],Q16610,ENST00000369047,hsa:1893,empty0,empty0
686,ENH00869,ECM1b,[],[],Q16610,ENST00000369047,hsa:1893,empty0,empty0
687,ENH00871,nephronectin,[],[],Q6UXI9,ENST00000379987,hsa:255743,empty0,empty0
688,ENH00872,neuropeptide gamma,[],[],P20366,ENST00000319273,hsa:6863,empty0,empty0
689,ENH00875,ADNF,[],[],empty0,empty0,empty0,empty0,empty0
690,ENH00878,ADNP,[],['Q9H2P0'],Q9H2P0,ENST00000396032,hsa:23394,empty0,empty0
691,ENH00882,humanin,[],['Q8IVG9'],Q8IVG9,ENST00000443568,empty0,empty0,empty0
692,ENH00886,sAPP,[],[],empty0,empty0,empty0,empty0,empty0
693,ENH00887,sAPPalpha,[],[],P05067,ENST00000346798,hsa:351,empty0,empty0
694,ENH00889,SMOC-1 isoform 1,[],['Q9H4F8'],Q9H4F8-1,ENST00000381280,hsa:64093,empty0,empty0
695,ENH00892,tomoregulin-2 ectodomain,[],[],Q9UIK5,ENST00000272771,hsa:23671,empty0,empty0
696,ENH00894,IL-26,[],[],Q9NPH9,empty0,empty0,empty0,empty0
697,ENH00895,IL-22BP,[],[],empty0,empty0,empty0,empty0,empty0
698,ENH00896,FABP4,[],['P15090'],P15090,ENST00000256104,hsa:2167,empty0,empty0
699,ENH00897,FABP2,[],[],P12104,ENST00000274024,hsa:2169,empty0,empty0
700,ENH00899,relaxin-3,[],"['Q8WXF3', 'Q8WXF3']",Q8WXF3,ENST00000431365,hsa:117579,empty0,empty0
701,ENH00900,FABP5,[],['Q01469'],Q01469,ENST00000297258,hsa:2171,empty0,empty0
702,ENH00902,insulin-like 3,[],"['P51460', 'P51460']",P51460,ENST00000317306,hsa:3640,empty0,empty0
703,ENH00903,insulin-like peptide INSL6,[],['Q9Y581'],Q9Y581,ENST00000381641,hsa:11172,empty0,empty0
704,ENH00904,relaxin-1,[],"['P04808', 'P04808']",P04808-1,ENST00000223862,hsa:6013,empty0,empty0
705,ENH00905,relaxin-2 isoform 1,[],"['P04090', 'P04090']",P04090-1,ENST00000381627,hsa:6019,empty0,empty0
706,ENH00906,relaxin-2 isoform 2,[],[],P04090-2,ENST00000381627,hsa:6019,empty0,empty0
707,ENH00907,FABP7,[],['O15540'],O15540,ENST00000368444,hsa:2173,empty0,empty0
708,ENH00909,gastrin-34,[],[],P01350,ENST00000329402,hsa:2520,empty0,empty0
709,ENH00910,gastrin-17,[],[],P01350,ENST00000329402,hsa:2520,empty0,empty0
710,ENH00914,gastrin-6,[],[],P01350,ENST00000329402,hsa:2520,empty0,empty0
711,ENH00915,insulin-like peptide INSL5,[],"['Q9Y5Q6', 'Q9Y5Q6']",Q9Y5Q6,ENST00000304526,hsa:10022,empty0,empty0
712,ENH00916,insulin-like peptide 4,[],"['Q14641', 'Q14641']",Q14641,ENST00000239316,hsa:3641,empty0,empty0
713,ENH00919,somatostatin-28,[],['P61278'],P61278,ENST00000287641,hsa:6750,empty0,empty0
714,ENH00920,somatostatin-14,[],['P61278'],P61278,ENST00000287641,hsa:6750,empty0,empty0
715,ENH00921,catestatin,[],[],P10645,ENST00000216492,hsa:1113,empty0,empty0
716,ENH00922,REG1A,[],[],P05451,ENST00000233735,hsa:5967,empty0,empty0
717,ENH00924,sACE2,[],[],empty0,empty0,empty0,empty0,empty0
718,ENH00925,mucin-1 isoform 1,[],['P15941'],P15941-1,ENST00000433080,hsa:4582,empty0,empty0
719,ENH00926,MUC-1 isoform 5,[],[],P15941-5,ENST00000433080,hsa:4582,empty0,empty0
720,ENH00928,sALCAM,[],[],Q13740,ENST00000306107,hsa:214,empty0,empty0
721,ENH00929,natural soluble CD5 form,[],[],P06127,ENST00000368174,hsa:922,empty0,empty0
722,ENH00930,CD5L,[],[],O43866,ENST00000368174,hsa:922,empty0,empty0
723,ENH00931,soluble P-selectin,[],[],P16109,ENST00000367790,hsa:6403,empty0,empty0
724,ENH00933,soluble PSGL-1,[],[],Q14242,ENST00000388962,hsa:6404,empty0,empty0
725,ENH00934,soluble E-selectin,[],[],P16581,ENST00000333360,hsa:6401,empty0,empty0
726,ENH00935,soluble ectodomain of transferrin receptor,[],[],P02786,ENST00000426789,hsa:7037,empty0,empty0
727,ENH00936,soluble ectodomain of desmoglein-2,[],[],Q14126,ENST00000261590,hsa:1829,empty0,empty0
728,ENH00937,proteinase 3,[],['P24158'],P24158,ENST00000234347,hsa:5657,empty0,empty0
729,ENH00938,elastase-2,[],[],P08246,ENST00000263621,hsa:1991,empty0,empty0
730,ENH00939,PAI-2,[],[],P05120,ENST00000457692,hsa:5055,empty0,empty0
731,ENH00941,calcium ions,[],[],empty0,empty0,empty0,empty0,empty0
732,ENH00942,phenylalanine,[],[],empty0,empty0,empty0,empty0,empty0
733,ENH00943,urokinase-type plasminogen activator,[],[],P00749,ENST00000372764,hsa:5328,empty0,empty0
734,ENH00944,C3d,[],[],P01024,ENST00000245907,hsa:718,empty0,empty0
735,ENH00946,hyaluronic acid,[],[],empty0,empty0,empty0,empty0,empty0
736,ENH00947,LDL,[],[],empty0,empty0,empty0,empty0,TLP1001
737,ENH00948,Serotransferrin,[],[],P02787,ENST00000450088,hsa:7018,empty0,empty0
